speaker_id,sex,accent,age,n_total,n_kept
0003db1a5ec04d0a584333c7573c8f18eacda278e65ddbfb92a8b3190af179488c6148971575e64d92995121a3f54df50e3865e87126f86a9095480291c81779,,,,12,12
00309ae51fe07824676d5a3b39837b0a8927c064b7a054f3083f6f9cf7741987f8c92cb60c4c93e86a4e1be11dad46b92285584802bbe6a0fd618ca0f44b2959,male_masculine,,sixties,283,12
005805ffffabbba8fa7dc8f6093bc07716b1b7cd2cf36d081c40825cfb1908cdb57eef584bbc52534d4ecf7c218be8f68e6493744e6fe27ddd638731b125f3a3,male_masculine,England English,fourties,14,12
005ce52c025b621f7942751c3dd418f0e7d1e9f55b54278d16c3b853e2a8af9771892aad1021e772b06805b5e487d89cc7a2ec86ae94d86dc936e12679eb9a87,female_feminine,United States English,teens,20,12
0061fc0c7be3c9aac7d84b1d4f0820893527bd43e09a3f7f9f739aa051e80780a3140a2dad890542f8a79346e295c993c3777699e89452c31798dc805001650c,male_masculine,United States English,twenties,12,12
00629ef5283de6396fb220d873d360b001eee93946c70473d949026bc9473a79275502f92d1000fedafed7fd5770c8cec6e425b53d3602ea2b49cb5dc5ff4fb0,female_feminine,,twenties,22,12
0071b964c1d89f7a99cc04445ee7162c008f96ba2d853f6f0a1718c22e4a32da7024ee14da6ffa434adbe96db198bd2f4dc9c951625375871914654b02f06730,,,,14,12
008f1e5e50d2af1343f74a4f7a841bb49fe5083abd8cb36ed80f1da59223569b2b7b2945f3b885eb6a2d91d0704af7b2e891f0a6f8ffd6bec00832870bf6ca97,,Australian English,teens,73,12
00a53049a1ac577bc07d77e46e34a793fc5b783244206483987c696657a27de46a17a7106cd967d67e423fb08e4da7ac47567dffb7c545821a363ae4a10fb0d5,,United States English,thirties,15,12
00c32b9cc65b255055eab5edc82fff01304d6bc592750e66f67f22e232e3b4abe1fb2d0679f3cbe2ca512f2dd57e608c3596d3a758d8032e7c2bf06deb5af6a9,male_masculine,United States English,fifties,17,12
00dd747cffb223ea3095abc625f16e689d74e3c4c4871fc9081ab53fc1cff07032f299376a0f1fb452717f42691c51469a4fad2d75075fab3f7220b19a5fe8fa,male_masculine,"United States English,Canadian English",teens,14,12
01002b878b3655e6e518c5a93129af8f77daff202b4c61136932bdd2db191dfeb7ed78ddf8f485ff6e360db5f68c50431a31d9df10b7b8a2ef38d6a929aa51ff,,,,17,12
0108d3d0948f8f59af7116ea3a09663d945346a5d283978273f4ab5efdcdd71624c770fed2671cf58f8497b9c9bd9609babc766e268460609e5a34314ce67dcb,male_masculine,United States English,twenties,14,12
012c74d60833feafdc9059833cb98d14e9f1d58bbd65f1cd799d191a8eac3b528298af98edeb895f6278967dcf0c16cc8259efc0ea2ecd0540a8a0e66cddf58f,male_masculine,United States English,thirties,13,12
01533ad263c57607d05ab6a82304c2e01ee480c839679dee6b832d163492063495304ee733daadc98f8f16bcde97fc6a706fbf742ccd6ea7413c6d7944d24abf,,,,15,12
01ed923c4eca6b9418c77331030d9af5022c76054a78d2c3be059b0109f1a087fad3ebde5c7d4cb876a73c33f91e295ee5a90dca91b93affc46e981f4a2939ad,,,,12,12
0212a6646cd3447d5018448f4a57100f8d786debf093972b9e67d1e91109f2523cabd93aea07a32629504e8a909267f9bc73c16917a0eeec176193d1be673cb4,male_masculine,Australian English,twenties,12,12
0217f2a628372d3a3485809bf54a5e548de8dc94e26d270bb5ce0d75f2126318aa8e7e56a45fe67776a856a53bf1a4d2f5ca029207c108d43a7d6157eb21b185,female_feminine,Canadian English,twenties,21,12
02408ad5993818a08af0cfaa9718b0b4846fbe7139dd9561f6cd10f3efd7ca656b07ebf065cbbb89b5d6277bef4d8b9ebd94520b875125833b7f1b90a1fba403,female_feminine,"India and South Asia (India, Pakistan, Sri Lanka)",thirties,32,12
0250f1af60335491b77dbc168ec40e80cf4edada3f9a8f8dafd5a4744ec32a89f93319c4c1ee4dd1b0a561fb0d30a551cba73c9beaa48c30c924d42aa2ba65ad,female_feminine,United States English,thirties,15,12
025f07759891360d312521dd83679fa6a233b9d7aa9d4a3e522b56a561ea1d7340b3ad5063f8855cea461e9c9fdb354079a899fde221db21d5a48dd929141a70,male_masculine,,teens,31,12
02718e6068e2d4292ebb32deaefc1cb424d3bf323c8fbd29225d1265b58089ef26ad1e5295382ecd05c48a150ff399f46d10059e2491b98ceb5b08c498afb1eb,male_masculine,England English,fifties,51,12
028ab76c21b95feb9d1c45d6e15601663af90da27fae2173cc795b0509b393432e7b22dec98cb7986134e44b046930c53a6b0906e44a12694c6874af3c7e16b1,,,,21,12
02dce8fb4569893456d8c1907ece38750c62bb8a071ec40d16753c4974a3ec28678f2bd94b265ae1d7519307baef29d28c49cbf3a67b0b847975423db328d775,male_masculine,Irish English,twenties,20,12
03135e133bcd9fc47ac87c874901888b955935df9399ef5a5c7f8cea465b9352b5da650239341e3a0b918192a1d1a02c10692db165140673a983df82ffe2dcc3,female_feminine,United States English,twenties,13,12
035712f4b0401f5937ef929926ff1923488939dea9b97583c7813eaaf983b31e29636509d3f8d803eb930a34b8e97bb4bfb656b12c267677ab8aac46356003d1,male_masculine,United States English,twenties,12,12
0358eb09c4a5f7a2987b13f001b1458d7138e676fe0f27c9195d9b8133959bf523f8e6e23d3fe7695f54a570d3e16e74eebe1b08c7b9182ee4ad31f7842f987b,,United States English,,12,12
03775a0322e9b6d1ddc55335f85ede7db02e435df5aee7df0cdfb1804192012c46136c771af9e1abb8d8a755981a7214fb370bb8a101da6808e9ba368de67d67,male_masculine,Canadian English,thirties,12,12
03b6da7805fe79b00ab40f19a3ba21a6dda781ab919a9b3a6779b06c9a4b071f34d1a17517c974b66f8390790fc50c451edb47e1628a556ccb2540153405f27f,male_masculine,"Southern African (South Africa, Zimbabwe, Namibia)",thirties,35,12
03b8322763fc39ed1f83eb4b16545d481cb8c108d2820c57890a6fdf342bed7aed78324baf9dabdca7ccb2ed99c3f36a1f3ff0c152ebab8be9a581ec94ab9d37,,,,21,12
03de560328d44ed017ad5df9acda93dff48ac6a415326694f235220dd5248dd2e49e0723a282b65a750ae5adfd04727091ce4250e16c8a71f87928c1bb248b62,,,,16,12
03e023dd2128d8a06a3436616146711e1bfd2872d138cfdb89dddc8e1f347b7dc3deb5c453c9903d0e185a3942fb24b93b9c4d849fee963de17f9e66fe0fa63b,male_masculine,New Zealand English,twenties,19,12
03ed98d44db4fb01939c421a0217d2b579c46740be8eb3c869b715b383b1194fbcec12edc6a838edbf536af068ea2d9b18f04e2aed881e478f8b7dbcb75d0fb5,female_feminine,United States English,twenties,16,12
040651c727b2892278b2484156d8c0d1d730c9775725f184e959599f5615b087efd83f68ebd8f8c2550ff368874d1ac06dd885a000ff903ebf1b55fa49503b4e,,,,118,12
04d7362d4e660b902e98f89d25301c4d5c6816a64dbc8d78f75a20e75658694ea8fe26426dfe5c0c91023fd83d18b3309026f84428fa48456a132cbfe5207ce1,,,,15,12
04dd281152d85d3f87ab1e43b14be64927b7a2d9d801fac88297a9d2adfb5b1f938ab994e9d91e3d42b6ea5af97f537215003794150127c8c56972ef7af48015,male_masculine,"India and South Asia (India, Pakistan, Sri Lanka)",thirties,13,12
050b7c721443d809e30fded1216d66a37326bcd2eec6f21d98806665fcef15452d9561f9dd3c4a70c7487009ae87e1f4266bfaa0f9e49c3b823929e8f078b5bc,female_feminine,United States English,,93,12
0556918792c0a32f83c9d55abc07c607aa28d5e811ac231b6d57c67aab4dc15f6352290903cc79962a3b210b6538b5c13231ab4e94722205da80e4ed57558be0,male_masculine,New Zealand English,fifties,55,12
056861a8563bcd33d2faafb79fa5fd3d4f0daccb7bd2cd9eaa056241f316255c80b54c77844b3770b0d9f86beb31fcdf4fdaeb14550a90174a67542d4d9a47f0,male_masculine,England English,twenties,36,12
0587888be58e30ae24a658f48d87526d1aff7e629db62aa3a0782b5702a87018b2863063c24a3fb291dc0598fea06507d0b6c3ea9ec0c6b0ac30d19e24e00c08,male_masculine,,twenties,24,12
05bfb787a2fe71560f433afa69df0e5af51b561e188c113ff22b11697722e96fd4f63dbcf2cb37e1decbcb27805d2cd4c064e9071ae06be20d3c3f087292c456,male_masculine,United States English,teens,19,12
05d33ad00cc2754da8e542a33a5255f9346535ef1d8619094bbc8c90c53bfad43e930bcb2fa598f614c6c90e173590a673905fb59a1ef581576cd5ccaed57241,male_masculine,Australian English,twenties,12,12
05de509eb6cc61c14c1666dd3ed14f3cea0eb9d6ca6ded3f3fd74bc1dcc8e89c94e75d4549c921aace6b14428188564f271e73e121ec227ef4d4f6f4f0ab9ccb,female_feminine,United States English,twenties,19,12
05f0c617d0bb26cf3045f87575df947c51418705608786061136b4e97b06b80c4ed5d164225e74e48fb3c7f007334f7c2242ebd0b418c788ff6fb2c187f4d402,male_masculine,England English,fourties,24,12
061793793520a99393626b497a19138d1ed11478fcad2c19c41613b41ebc72d430f01188c118b2e564cb3762102c090905ddc7f48cc25152027b36c22edacb79,male_masculine,England English,sixties,17,12
064a2016c00e4edd9c4434e457a6beb17410df70500dd1d11c52fccd6ac7c5a7443504e27dc2dcc5e92ccc939c3bf8ea12de379c90c3f8ac250296e84f5d2fb9,,,,82,12
06eb40ac579f42807bcff6b5422646c4851d2425c4e2023feef5543bd6ea1c89089a78a04c49a14dd56a9905f2a7674e34affb7b662153c58a068794a14b9262,male_masculine,United States English,thirties,13,12
0716c31f93060f09df88184c88e347d6e191286ef6d3b691615e58c69df8626bc1b5c0d9e1bf5968bb9461175d103b46e291998b71621b3ee198f5d32c8b82d5,male_masculine,England English,fourties,37,12
074e332de8120cf5ac05f53ebbdb578f0a666b219e63a30f07e8a6e3c85103b7ebbca2b34e55eb46bbb86c4942d0465a2fd58def2828ee6052a6fd66f049759c,male_masculine,United States English,thirties,12,12
07a8bee9901f02819a8ca99d959192cf663c62d502cdb216e55b67de751de5ddade1d8dd0bbafda22d52893c2788d5606543cb3811c42ba245fc14230a1210b1,male_masculine,,twenties,15,12
07b62f999e270494c8a9185a0effa00eee1302c6bc0ba32d2c05b114cdc39b84df62494abdac8b9fb4402c9d74d631dc32d704588b57eac05e1d26b02aff88cf,,,,17,12
07c1875290be3dbf3267d27e41faf38c508212e48aaac7e8538771c1667ca774b707a877e599539892efb47588530dddcb7896281bf83314b1d2ed4201be88a0,male_masculine,United States English,twenties,19,12
080ee8944a329855a20235ab8f5b0e94d02a23be5665334867841d8e452d9d9ca521c237392fe3358855cc708506135bc59c8a121194a68980e0f7d58110f8b3,,,,16,12
0836f0e74bc679636d4af10bddb747580e93145ef1b540a10021633965e5ed659ace0a7aa85de967a03a3fb1e4ec8e43a3441c7504bf7589e6f106c8b2c0a091,male_masculine,Australian English,twenties,53,12
085da0d2d420d3b0b54e6217dfee4ab92d8c8d412a2a3c26022043c30e8d003ff898852fdb84650f252e0584105840736e58fd5e82ba27b9161397c409a706a5,male_masculine,Canadian English,thirties,21,12
091b9c61a534e512d2a79ff45e6c5a0bd69aaf29f94e3a291020b76f915a91a19a360baf9f0adef09ff5526250fe490bf874b00b4d1c0176582ef78469d5e422,male_masculine,"India and South Asia (India, Pakistan, Sri Lanka)",twenties,36,12
0933d3fdcc6d51036d7f36a5bacad3bfb08209417bd2a3658ca64933fdf8ae03e7a6fe44ecff309b1d563119b3642cb51f80424e6ed971d0f769ec01afff1766,,England English,twenties,60,12
0a0d9e1eed150137ffdf7fd5c8a3e521411f9ce71bca7d6ce70ec0cbd3250a53ad416cc815bd06e28775efb0b76d9a91ca95c4f98239b3db95746332b63b2356,male_masculine,"India and South Asia (India, Pakistan, Sri Lanka)",twenties,17,12
0a1e1b26c7394a760d9e400443c40a11bd76e55f87a21f99ff4db2a70224d64b21bd452514f2a181310dc78183209afc68d95f6808575503aa6fbc2d26974770,,,,18,12
0a3a6df306ec3875c3a848f4da68d7fd317c7e2317e3b8ea91c9b2f8c36f4468b5449cb4bba6f5573edbfa681bf87ab7dd7c4e55ba355684abad24829e69964e,male_masculine,United States English,twenties,30,12
0a418a5678721353da80d2ca2abb89df1cf6da912135762ff0b046ee50725ade5564d71329e2bac85ce57069b17818d51b24b7db84f0440758860882d5af9c48,male_masculine,United States English,fifties,27,12
0b06298e6ca36b01573a44569c8fdcb8a862d12683eeb38eaf2fc7c4abd97b440381b04b6376e8cd9adf80398bf7992c40114ef5081342fc4fbc98ac1c92b3e3,male_masculine,Irish English,twenties,16,12
0b07cde492b4bd27e061945f2ba1d972f9b8c279b28183b68e2302248ee804a90685839209b803a32d8ba453b724d6a83fec9b7f942dcb4569639dd0d6cfd9a0,male_masculine,,thirties,12,12
0b24973dcf84cfd68f256e99a122f5077dc5ecc4332df667f7e03b7b492a86b1a3827b9ea12433971a9ecaff32cc03d9ecabc96d0cb8cff9d81559e64243f3f1,female_feminine,United States English,teens,14,12
0b314d9ca80d269e1b54c59e707016c3a448cba874b7da2401a274fe9c28fd96525835ee0c706fef2fa898d77399ee70b82d4d9bbf67e52f05ea6dfcd25bff94,male_masculine,United States English,fourties,101,12
0b3d55acf115fdf88131d7324fa9a7e1a26542405b0671d5ec0d9ed34b40fa0158576fd51ee9cc937a41b1c529f49cfb23fec693ae1382f21ec8fed796a9dece,female_feminine,"India and South Asia (India, Pakistan, Sri Lanka)",twenties,165,12
0b594502c0ada6568c56d61aab8fc4db96e1cff66965499efda4458619687434ff2b8934d26cdee2419cd105842dd227ccba8da1c3884c8f43210499771e998a,male_masculine,Scottish English,thirties,20,12
0b8f6a72403797d45823eb9bd80b6b0a2115b0464d1b89f4db17a4ea86f270098f275fb3e04a0096d8225276ea9936545336f6bdba742d9d466cc38389ffcefd,,,,34,12
0b93e3ca92f789efee5ddf320b062016fb8ec40f4f62eb3244dc578a75b2a5bd5792f600ceeb51de2f8ba2fb97d10e6fc2e04721e11b8a5a304ca6982dfeb599,female_feminine,,thirties,14,12
0ba55de9505983059d2583ff9b74e847e4c083864c2efd4f1eae425312ca2596e38d23468e1d285016bc7450205578f28c0ccf4c2ea6bf52309717feb21127d4,male_masculine,United States English,twenties,12,12
0bb55f0a27f5dbb4970611124b160cf7ee97b13adb4508a6b4780ad78818c70c537ae8db08e06bce6d723d1887549f1ccfea505c1baf53518f932ebdd38eb900,male_masculine,England English,fourties,32,12
0be824902e31d600cc80f6fd2bcb5f5c7d9e91c553d6a0b9b3de5d0d14c9a5431ec8e0b847019f14eef1aa9533fe7cf9d26e1d302d5bf28e16887a27a2d8d7d6,,,,13,12
0bf5ad7d3cfe4f46b6fa6bdd0a60f3d849672dbdbbf77d4978f9d835e8463a48d86557e5c9cc44a923862df89849c4b97cdd0dabbe0716ece06d91e698871680,female_feminine,Canadian English,twenties,30,12
0c003e301f78d458f90900d6edb94a0d518a4c4cb5f58d7d18e619037a643b512b2155a7c95a6c08fd532019c5af0eb2d5bf75daef6c515a1d938dca124432cc,male_masculine,,thirties,64,12
0c62e7bc794b538067d7d92ae657444639c585478b82240cfea92b48ceb7c93c8af87060b95cb4cc55ba098baf112d5bddc9573d656db1badc93f99e1bf60dc4,male_masculine,United States English,twenties,38,12
0d071699a4ef1a3005c14702b6c72ec80b55032a96bd2aab4b5a321307c9929352bdbbc21de6c2fb605d72a6921550e2edefab042ad6467c35cf7e815204d38e,male_masculine,"India and South Asia (India, Pakistan, Sri Lanka)",twenties,33,12
0d5998ff479c8708b8963e4387fb189fd4cc252b9616a238fc3106da0a46d16d4a3e595289592fae47570fb66252fb0a6e69f345b77f22c50857c8d953347991,,United States English,twenties,19,12
0d5ce9fc7acb1a3bbdbd2eaaac9bed26e3208296263826327ef4094eb383db9153f836bfe4e9ce5bd4ef5cfc9c8af7c7ca32b3366fd55ef1010b8ee8f11ce302,male_masculine,United States English,teens,15,12
0d8f27e9366ff915a1554b7c02f2ac4e1574f4d2c16dbfaead208deff7779fad3ce51ac9d1612ef8408909590ae35db0362c85f70c221e5066707b8ed5dbbb10,,,,39,12
0daf46594f811bb3b85a420161db99d06563fda2a2db98dac35dca0fbb481273051a200a077a17bc4df44f6fdaddea50ed419ac8377cf772601357da412b0bd8,female_feminine,United States English,fifties,12,12
0db465d830e651a7dd31715496cf55a0aea7bdeab6afc3ab8afaf727e6721ffd0d21c9d5ebda786a324fe78fb70cb05a0a3713bf4b4a480b457ca724b36b07c6,male_masculine,Australian English,fourties,18,12
0e158b24aeef0c21c6864108c70ea9fae815e865916fd6fa7a4dca42ad7694d46c3aa47d22d1946623e718ab6f5cdc030f244b0362e5553f81c8f22c25082b22,male_masculine,"India and South Asia (India, Pakistan, Sri Lanka)",thirties,100,12
0e53ce7f00983f4f8d2e5b1c2d80add2bed39b09751d6d15f490456bdaa9b7310f6a86136331d5ebb804c00f4aa509a7235d37d21f34c2d1e79bdc85f261f873,male_masculine,United States English,thirties,24,12
0e5663cd280e946751fd167d00b1111965de49b2c93734c336e6ba12aa818a8a4eefc1cca362b4a9802172f549575b8907688284feab9bde4cbeabcffbd6598d,male_masculine,,fourties,40,12
0e6ec9bfb7f8c22563f28d52608c891dfd8db2d34b6a44c389bf97bd50185f89edb76c21cd9bb15ff64735f1b5afe34c94a1a693aa188fb04632e0d9500e82c3,male_masculine,United States English,thirties,13,12
0ea9252477debb73b13ca414dd3dabd2f7da821c8c5491473dad304837875cf9c2ab3788a8ef54b538de28c7aec89493b727b8e18622f220ec61208ff4e8888b,female_feminine,,teens,13,12
0ec9a1cfbc88c025003cf9203e1924fc821b5a7c6a6fa6b0f8887d3588732faa654c872763a31860b01d7dcbfa6534a5c8414e0f348a07b337e0cd6576eb0d3c,female_feminine,United States English,thirties,22,12
0eca8b7df607c816e2d9c8d2f31af04333d02214b0f5ff3f09d33739ccfcfd5cbab27556be3c01c8283fbfabfb20e3a7cbf3c68b2c486b91080bcc26e49456cb,male_masculine,United States English,fourties,13,12
0eebf7d01b8206da364c99ef90653c9b680658ab74002adcf257a19f1b826c808ff63190b0f8599a7cf481f737e62d9abd10100a5b0252caf324e66e407d55ce,female_feminine,,fourties,46,12
0f13e656cd810df45ee0f860fe46411f9120c44d3fb10b621cbfae6e7a2d4ce949d0337b90b94a0ab61fddbdc44824b86815a81e118765affb1111106dca6460,,,,45,12
0f5525dfa033975d9a0427e06fa795ba34744aa1ab10d4f44be264d22f4b6ec3faea2b5a0c460c9df14b1e6b4e19844176d382385525b3a4bef254bb00b6fb9b,male_masculine,United States English,twenties,18,12
0f825549909f40c7775842104bc602adc91a08e9598e580af78f65f39e679000c479cd2a384d9e5597ac5c2989b9c7af077b392b72241879b0d1a992662ceb50,,"Southern African (South Africa, Zimbabwe, Namibia)",,15,12
0f997bb52e250c33544069a78281d9572dbb093ad65631e8ce7704904d92699ee75deade6ea95f4bc6bc6a1d725010f6718e5e864a34c8ed866e9a08c2cb9d57,male_masculine,,twenties,15,12
10130c82827316b51154d99705ec75a9a1fd70cee3739c2fcaa472edd643cc2b6a8755ed8eed0aea366ef5ebf13e2d45ee8e1e7e2c3fbbc7bdd70e8bb6e0cc64,male_masculine,United States English,teens,15,12
1017b4ce000c9ff3a64f86ec0aba1738f0d787dadff221247f97586cc72feb14b8f00492600a704b8677657a576d022de9695a38a6b89cfa2aca027a01c13fe6,,,,24,12
1021e146675cfa012da5d577b0c590b05b1843f6cf0755fca2d7197743507f6d4234740af632151c4f47ee3b64d47a697efeefbddae60b7a63730a3567c8e17d,female_feminine,,twenties,17,12
103963bdb6799b4f8da7e32dd73f33d866d4d8588c5b4cadbf22d2e6c8e4617d76818ec5248022b7f4b87bcf523e7d623cfb93259f8eaf9ba4823f2b40878441,male_masculine,Australian English,twenties,12,12
103b0eb5778efbfc4389abe411a125df90437d150bc0f39b398dbb8b5f0b309ffe7e4a2a6e29a3694fe1a4de11cb784ce2db274e754e0f7f541c35704187d3ec,male_masculine,United States English,twenties,31,12
104ccf68135e45b8b0e70ff5fc1febb38329a70b737f3947cd5abb7fd308b0a851cc6ee672134f8b8f07d30a9319a01eb8589b478d474cf8e9762edcde151199,male_masculine,,thirties,19,12
1061f5acd424342c6a3e78af53b53be5723d3edd36593221d95d2a4e12268b629e79497413fae90a6a8fdface6212b4e7e3e24acdd5567dac2ec12e4e7265d60,male_masculine,Canadian English,sixties,13,12
10760421cfc9aed1cebdedb0b45d5d417f2cde230cea04e1d259c392250191c3aa8b01d7a5c44c2e9290a4eb3da917a579c661892574fd0343d77ca4a728ca35,male_masculine,"India and South Asia (India, Pakistan, Sri Lanka)",twenties,19,12
112992b46eac787690d2b7c759bd160f89800d438f3a21751d27516dbf55c5148d2170ed9bf35b61ccb6fdc190da18a98584f9c7141531a74972a8f8a0fd5941,,United States English,,41,12
1144baca61daccd11801ab6a33aff52b9fe2eadda4b12091848c90c4172e6a83959aadcaa51fb74daf632100d84b1abe5e3ed8c1d4e23d37db2652a2be91db9e,female_feminine,United States English,twenties,33,12
118248cb1c59797930979074f55994bc21527f385cf2638e43b0d557c99e535a6b606985f9dae3cf167b9dae18e4da4ccc49e19729547b3641c00032ed537de1,male_masculine,,twenties,12,12
11a135280196f9fc623e4482193e8e2d65d12e19cad7b9365f24f56d8cbf6832877af0667f78d158032f0143cf6f5b7721aa5104f698549fdea43c0c4fb19dab,,,,28,12
11d55937d8c1157520506db779f4c41b84b4e1e067d4e87a0e1b26e7c7ff1f75b5ac5b0be3c377161c11238f3ef4e1c426be56805c26c6adc071b54847c32ecf,male_masculine,Canadian English,twenties,18,12
11dfd3ad9266ae7fc6f30c471b78d95eb7dc7d2bfc02f2e536a48dc314714cf2dee3707ebb0747982a62ced8a1ecf21a5ffb0eaded1d00be299f9f3f337a217e,male_masculine,England English,twenties,35,12
11e90a70a709eba2ddf1b02f53f5f18e45860b9cbee8c22024e2290b6f98284b2cccaeb712b9256515531054c3b4a29535dd3bf0a015053c05d5f309b11859e2,male_masculine,United States English,fourties,13,12
11ec372417df77b07bb129cc7572637abe768dd9ba9a6cf66c66b5081a6016aa00fb0a31287220448ed090f18b89fb45ff7e35247c32e492909a9d08f7645c84,female_feminine,United States English,thirties,103,12
120ac332bef668233ecb1525262722dcf869cfb7c86365ae4088e5e131e9e3818f8df7b793f16c029680dc7b88aa58dd2e8941c8451608ed8d4e358a9ee6f7c6,male_masculine,Canadian English,fifties,22,12
126d3ec8a9de73c224904bc613f47711b76ca9c8d6794b490ce3b731a9f5360949fc9744101eb9d44352af4b85d867ba6fe851c81ca884e6fcf294ab654905a3,female_feminine,England English,twenties,20,12
12a8849d8f2e0d14506c46b168c87e8e27fdb3e23355247a88290c0cf132e8a4e0c952e6ec8a3d7418a2e1892d0f63fc6c4979dea21eea31b61e644c74a9fe07,female_feminine,United States English,twenties,53,12
12abacd76d5f4b07ecd4af0fdec73a72616a0462d22447a97c5c1aac27f8c9e041ff5a49061d5a929f41e5e1c30c8ba8777e8042aa604a1d9f9615cf720dc3c5,male_masculine,United States English,teens,26,12
12b67bfec1a44e770b3c512bc90f15bc96336b03815d41060111e968132dd1480a8e1840e6cf5639baabccbe777c70aada116444f84ca759b38e3e56a25ebaad,male_masculine,"India and South Asia (India, Pakistan, Sri Lanka)",twenties,16,12
133c021e0266cab7b0d903564dea8904cca0342b890c1d2a14f45ddece1c274193d2b6fedb29540ce4bf0f613766617d0e7367680c7cc3a658a819432f535f6d,male_masculine,United States English,teens,13,12
1357b16294853e15a3176cc301af7d1eb79fe21df1986d877a7ad5c3d7fafb181b84aa90603bc3ec4cb36c5cdba788f3ffc1c878fdc20793694714045ea9c3f2,male_masculine,England English,thirties,16,12
13625e98c5c0f1e9fea4eb3ad2eb7c54135da803e0abbbe5b97f05a4a25e356e55aa3958990a4931c43538f1709e325c33805126d9010675985500848146e77e,male_masculine,United States English,twenties,34,12
13afd959fea1ee85bc3541fff5df2fa921ec7e71f3cc9aa989bc8c1fe2a9874c3c300da245be6664a88bdf05375d5a692001bd29409fe8ad3be88e7cca85aa92,,United States English,,16,12
13bc17d3252356a0b6cffb5fd9135bfc0667268274084e02d91a415e026c3e48ccc671490ccf1fbc17804013f25cc3c313087801a7125394c59ebe6ba43b1da9,,England English,,32,12
13d883887135cd255da515e128469ec568e336891f1b48f7839d29debaa059d46cafa767addc9c22ba21d3333f04a067b4e78b5f3bb98178e6908717150281b3,female_feminine,,fourties,14,12
13fe2d4194885cf2a467daf7cc262b38df8bf3091d9c2d68ee3ad6ad42b0485484155c849badc52ab4b245afc1781168f9c01fd416e364138ef1d17669174cf1,female_feminine,New Zealand English,twenties,13,12
141d2fb979ebab495f92c338e4ca2fcc5a9d7b10f19be3047972ea5a0656809b99460f8afa0f5b12848e69becfe6185ae8f44f773289568ba1745fdbbdffaa82,male_masculine,,fourties,30,12
147cef3bfa8142de3dc7a5b62947206656eb1abe9723c9093ef0f4b38475c7e60cbee28ae05cc7df663e39a08f466a48aa704b0c55bb6f39aa4a2d3da6d57ca0,male_masculine,"India and South Asia (India, Pakistan, Sri Lanka)",twenties,22,12
14bbf87ca5201a0b24109291dfa96f985c05bcb3b5551f948c078e0d7f01c76c5dfc7945d85d4487fd6ef3f52684ec6dcd6b1792253944877ff092b0695f314f,female_feminine,United States English,twenties,12,12
14cdc220bce78820b00f79b5a2b1cd66e0bfb4f9b1719642c7368f23f74dd6d0025e28e0b038c2bbabe4c601566cc351ad10b428beebe2fc5718f2010fda4fbf,male_masculine,United States English,thirties,20,12
14dfdc91e501f6d540916b8c9a15ede4dac22fbe671196dc2493a7648a33334b4424727770f924590ceb9ec66ffb96638e6c4c67bdb5f049d2add011de7c91db,female_feminine,Irish English,thirties,22,12
1522bcd9fdc3fdc01842f593fa34d8a89d114e192080522cab995e348cdd116e78fac3a7bf0f5d520b703513ba80c844789e0b0ce4385713c5f60d15d7f8620a,male_masculine,United States English,fourties,13,12
1534d6ca32e51550cde95ba74837dbf959471e9eef8607ee5ad785848d64fe6353dcc5007f3a6a5757ccb39b21296a7a9b2558eae9e00bf1e863a6810fc528f7,female_feminine,United States English,teens,18,12
153e51653e68a48375007e80bf3b0e11011f43d95771e962e863ec35436181595cbcb54cbe598011d2a8fc17cc1eed15f65f747ce2260b4c0c202418dbc232c8,,,,13,12
1555c6dd360ca738be5e4715209164b3c66109979780456eab4d753ade40e7a083f02e6246996dd5241002855994049050b3eba1c23812ca2c46f3470ace765e,male_masculine,United States English,sixties,32,12
159048f3358b0c2995f83110186bc2401d707585e7a36df675047aa9b2731726f7d9465a58ac00e6f447b2a20832445b66a8f5bb432a29b05d84564a41ba6f51,male_masculine,Canadian English,sixties,44,12
15bea30589e107ba836c75690a0c461966b2a35e5a730beec446199ada08a7818096b936c7a4cbe828eb459a72a11c1745ee7eb534dbe5543508318dc048f256,male_masculine,England English,thirties,12,12
15f4b2d89fd6ef677ad0cf16118393247db64e892060c2b238c09fa625e31ed5d5c4b4e05b0de21c6fc2202db2a2ebf567b2fd032758dbfbeb9897aecb2ab555,male_masculine,"India and South Asia (India, Pakistan, Sri Lanka)",twenties,177,12
15f5d75682514c297f6fc805bd59775097677db505c0ca74e3519a4cb5cdc8d2f46c833e68a23482b119918d5b6ef64fb3407432e2b16526f18d072dc59440ac,male_masculine,England English,twenties,23,12
162064a83893d658e1042e688321c35f839c351392e54e7bf87f748eb039019ae0ada4996896280f6e05955c57a734703591b3912ee0269e3c350784d98ce4af,male_masculine,United States English,thirties,37,12
163597c7b1b77b720b21e508e7dd9ce723dbda91582edfb0bd69025472b04e9429b34cc241cb18dbe1d093722dfb6fd6ec5f536e944ed0003ccbbc268df1ef2d,,,,52,12
16407ab9e237bd10bf45338224524ebc08d8748b00256d2b2f58b738cf237296062fc8554a0a63e83d9f34c3ef22004134cffa980958f4fb1f375a565ab77796,female_feminine,Canadian English,thirties,31,12
1645aca50c6f33f976d363267936d93e909dcd2369c82161bbf42fce536bfaac95237c50b18b34311ddd9cd919b8413352512bb5c11e4f7b16cc9f337bceca8c,,,,42,12
165c22e04d80c42b0d552ea30d133cd21e1098f623a7af95d58c085e2335edc9a7e7a86b5a47ecaa72a182fedf2157376080b0205bffb4280b2ec3290a0b810a,male_masculine,New Zealand English,thirties,12,12
165f79e04a16af6305ff7ffaa901830425aa07ab7119005b37bf2917d1d6858cfc7633225ba0a7dd8daf0608238e293be938794a742b80e3d125eef173f74452,male_masculine,"India and South Asia (India, Pakistan, Sri Lanka)",fourties,21,12
16ca33c77a4ff48f931fe63a9986938db81dc24e4be8ebbd4d9d08620f5c5e75836c691bbfa9fe2b63926c1fa2a8daccdc4983beda162e4b72da5f85ca9b14eb,male_masculine,"Northern England,England English",teens,13,12
16daa53b3eb4df2b559fa5274f8f94d111d4070ee4a730957c6ee7d79a58455f5a68a706fdfbe34f3ea06dcfe08eecb29fae8fcb2adcde1d52e19457856647ec,male_masculine,,fourties,60,12
1704adb4392245574381dd7066bcb6bb1465a55d3c9299494e67b4618af68eae863c3612a522d2a4a9cfe99c480ee538036d0dfc31c912182f0eb5f6d686417b,male_masculine,England English,fifties,14,12
1706799caadd61755fb90b1c8031a94da22e5aaee11245827e22ab21e503edb126512723be3e1fbafa2e1b1bd512da00b4d92083c72b6e3c0b915f74a9866314,female_feminine,,twenties,13,12
173924b6a1d494aa02b256f05f7b09ec68f241981df9cdd825c1b3a20adb13c42f26c4be36795162e6bff9b8470d9aff4ad7bea45b4ec1fc56bd452af2ffa0be,female_feminine,Australian English,fifties,19,12
17437a69c49c670589a4a9cc48f1bb9b5923062a043128538f22cc4d885fc23357f26ad2466237eb0ca6df35431f9c1bf4bec5b509832335265230823652abf0,male_masculine,United States English,thirties,12,12
1744cff9d33b70420c7e5517881e81ec4bab1ac475e3b8a679a9a6fbd46953075741df42b0c6c0b80d66dc72c01297c3cc55e5e5fc7f53e84a435bf555987863,male_masculine,United States English,twenties,66,12
17b4b7a72bc021668abea07a6c2cca028fd4214184292482fb63594c61c665b63bcbc2c94d6bad9d6e35d676865ed5c766b9ce9cba4cb7b7093f805be98df5a9,male_masculine,United States English,twenties,33,12
17cf0124f95f6336c17e16a0513720cea84fabe8e8d00b9bd1f140c898d49c6132d37d06efdf1a5ad6d308b5165754888b39f2dd5bee28fd62634c02a31b9d33,male_masculine,Scottish English,twenties,30,12
180254c54fc9008753db2cbc5d812167267fcebd790183836444cd3c3cf0c619290e38be0c1679bbe233831f96936daae6aa5cc677ea57b41c757374febd8939,male_masculine,Canadian English,teens,13,12
18140a4d5e88199edc7f07e9f90db853e0bade75a2c03ce688ac75f281ff40e1594a90fb3e6d8c8edb953921c35a3a97e3dac7f7422c4220e52e78d49360cc07,male_masculine,,thirties,12,12
18326b9457c828912f0e73253f8197c6861e8caa41cd694c74c4b4c87715c05473904cd2aa76cc51c84463835fcf707206373c0f6f5523904c90f15fab6e3b57,,,,38,12
185a19520056bd31c0b7613af5d9eb45e5b9eb8061127fc839233aac463eee2c687007a5977d117e7301d2c959de1b27d9331f7cb0bab85f776e64120795c77e,female_feminine,"India and South Asia (India, Pakistan, Sri Lanka)",twenties,52,12
189fc9b5348605d7db0df8a30a819580b39a53068968cf4a1871129f37ac833f9e5fc3f54a219390b661f9ab837d47da9f4ac828a73a919c785a905b5ed0b673,male_masculine,United States English,teens,48,12
18ae3b317f15a738e98fc195f953e7f975a9f2ec9bd739e3cdf054c7bafdded24be9b549f9fffa5cc1a9446ae31619cfbd832c74597b9e1e5bc97cef15cc5081,female_feminine,Canadian English,fifties,96,12
192e47bdbde2bb6217c0d19214f75e1ebcfc4b5f287cf18d924b6001ad77e1fdf1f82b0b3cfb6f250a0b3f5a2025e6cc5c0403184b16823cf3199c54005bd141,female_feminine,Canadian English,thirties,15,12
1948eec9326b052d52b9f61db93c480e12dd469cf1ef450b2dac891d91f082f0c0b191072698ea7ed4e118693b4b0d192e1799aac714cf48fb216b10c32ec92d,male_masculine,Malaysian English,twenties,17,12
1950c0c96b18c615514bb59b894e5210a18e803dcbca2de8d2785fb4fe96b4e6b9cca98a68a4cafe860ea6bd6a8dac3ef12f5dba2940663d7f79544c447c4446,male_masculine,"India and South Asia (India, Pakistan, Sri Lanka)",thirties,16,12
1963c5f396b43a02ea6a7cf2cacaafb042bfe53209c711d2325e2e4cfd7185370746e463b5ceb83f9ac807e048b8891b494db95e3bd7eccfbef896877eea9bbc,male_masculine,"India and South Asia (India, Pakistan, Sri Lanka)",twenties,22,12
196b71f8ff9d2a019014500a90cf0002e39523493a79cababcb4eee01fa7825a3556e592a80bdbb3dee557e78c9b4bfa37da91614581085064f0036aa6a51577,,United States English,,13,12
19728bddc3e0903390b00843fd2a36de417a05a09e912c8b5f713d6289222f79e39c234ff8b13c8d33725db62c4e069782f947f4faa741569047ec2215707546,male_masculine,United States English,thirties,96,12
197dd6156c583d549bc300fc633b2cc0c692a81cf78d870196005435ef5ec19d0e7ddb7ad25f6da10a9051e6a7e8d4a95a2cf7aed12a753681944411bc75bdd3,male_masculine,Scottish English,fourties,28,12
19cf97d68dc97bc588bc5aa0c1cb944269432c44cf7aeb10147c0409fabb5f25fb3896c4aaba8d4ae8df512d3db7d1e5cd4d50afbb45c7bb23e512d031fc6290,female_feminine,United States English,teens,12,12
1a03eae3701811654fd562b997c8a474b9db15da01b2c3dbe82487ef0476080aff1930c0b286ebae981fe42447c3f5ef27480999934b5bbbb8e1410266aca125,male_masculine,Australian English,twenties,17,12
1a0446d48b2fe1114209fcb872c1ca88b6eb43d420aeb81255ee4ff9d6e295c56257b7cf2ff2dde3905f1675a0a29c728187cc03b0423d68ddf7fb1539e8f399,male_masculine,New Zealand English,fourties,261,12
1a04e2db0811ed32e8a7230aca7606d3711ffa053abeb35696f1789c55ae4d3e8a7a794af8892192f6c88b5339e6891ead6af77405608d5e13cd8634d5c9608d,male_masculine,,twenties,20,12
1a1b6fe616790499ceb81bda41e9e5e44adf660062d7f88709231dc02557eab73a147003949574e56469648ff080d5d29c4433358a1ac6d9a967ddb1fb080f58,male_masculine,,fifties,40,12
1a402c09a7192330a65cc6deaeb59619495a105dece8d1b38575ce46ceec9ea0323cf7f31dd90f7135d3b526a76227862e5ce688af142df18d8744facf4cf0e1,male_masculine,United States English,twenties,12,12
1a6e6200ee06b7f54314c13b8a74995cdc04cf800e9c348b13cefac63af25f2f35964322f5829ee16ce3c8645faceae76e33a1fca598261d69fdfb12c4bbf81a,male_masculine,Australian English,fifties,12,12
1a7affcdbc38b0b348af446d34fb2b8796fee59b7346f82ed96686a423d450e62122ada9ea6efe1b388ceba3458b68ad38d5d569d26e07b1a6ade03309ca9d31,male_masculine,United States English,twenties,21,12
1ac9ecaf9310d5281d115f37692ebe23e9ee83e7655ae658c93195e49bbcc6b8ce5bd83130010252ae312400a654675cc3e5f52434e7b0302ae52ef36b5d161c,male_masculine,"Southern African (South Africa, Zimbabwe, Namibia)",twenties,17,12
1b0f6923c88b734f93dddb81946df6c363fa5af8aab284254ede760a1fc514704c43432e09fddb8f8ed79dc1f75aa70940b84994264d6e7c3151cb0d9a752c7f,,,,18,12
1b1ac39889bef690065c52aeaa13239c811e3e763f2a0c3918c84169bdf0b45f6b5af00f2c0a8882bf25bc501f9cd67c7574de24056f8177e5914f68f143b53c,female_feminine,United States English,thirties,24,12
1b2853bea9d3a48b77e22fc9f22ad95e9094e2d4a03e2879ebe46d9fde6c8f7faf06b313c646bac390d6bdc3dc56b46762a8162520807b283c65b10e6b75767b,male_masculine,United States English,thirties,12,12
1b38cf2c27422d0f55d1f961bf066e0715fdddd0bd65c661df943e07a721f9133689992447b9bd8a5b50a3b5efee5940b7273d1d8ff4f0d63462ce9788778749,male_masculine,England English,teens,16,12
1b6d216382b6f998b532e34cec9b1fea61148e460c00f05663c8aa45a63c33d606b189c1b22ec9eda4e2d5964e563bec500e5289a4dabf2959310574ba9915c0,,,,22,12
1b85cbd84bc15f1bce9aa1f760313dd56b80ef4342ee615a330bdcf2cdf971448254d5e4e2c0be852189de68eb08f9b13ca146f747c94b359ce82c8b8f93dd11,male_masculine,"India and South Asia (India, Pakistan, Sri Lanka)",twenties,19,12
1bc3dc0bc84f16ba31209af3ff03ec57825fb126e2afbca29c4abaa493c1edb2a209c4c260df10a094c5707acc1ad5afdd2e8e8c04f41740ebdd654ac3745994,male_masculine,Canadian English,twenties,43,12
1bc6f6cc91f5d6db1ef0ed24173ff21d9141196f68cb2d5302c251a0eb4d4e764662a40efd6ecf9cddc7a032a823129e9b880aaee0c219f06fefd4d0df700641,female_feminine,United States English,teens,13,12
1bdae73931a36549707d6615ec09d1ef8d14c028e587d9285c7b5c8b31afe874cb2f7e8fca8cc157c1efc8ccc5585ace2c7e74fab389876e59c67338554f83e4,male_masculine,Eastern European English,teens,12,12
1c0216d103ea9c328006403aa5b8fab38e7ce1d559a2f2d8e0858129e1e84c22d0a8d9d91935be3d2d968e69c9da702f5b195ebbfecad3f0cc0703efa0bc6012,,,,13,12
1c0d3a37d6012ae4b912c5d424621d41aa485f73d790a624e1fb4eedbd47b592efeabbdc853c8c86d3c39f7e5094495c757da9deb588bf86b832cc23c9aeb0b9,male_masculine,United States English,seventies,21,12
1c156a2d876d229bf5b5698ce2f83abb22148eb6c509558ac9568ccab2a368cf723c284f0741d574ea20205104004d359f7fe9dbd5042945523b845b090b84f3,male_masculine,Canadian English,teens,28,12
1c4f5cb282025349a1948e02301a3e1dba326d3581b9c4fe17eb9f68d4187c0e680879e9fd5a585dd381201406501c77aff08b7bfbe7ac6ed14412f22b7a1c8e,male_masculine,Irish English,fourties,26,12
1c5ac4e60d78e04c497fcf0631e17dc41c4194fdaf8646e5e610b31d0236efafa34c7a9f85556dd028caeec1c3af0a452aa7ea8c759c5ab70bab73bfd8372808,female_feminine,United States English,sixties,66,12
1c673b0209f32b4203637065b31d919e1b6b74be2c814c3f8d730f7cc0f2b208661ff150ae009fae92be380cceadf8c8be6b6b53b9fffcbe1715c8badd7df646,male_masculine,United States English,fifties,17,12
1c6b510e4b94655025d950b34448a9da9e8904360decd22c4d5dd1286f79228c712367e82499042498fdf2bb4c71032981fd78deefaa5d82fe5f9b372432aa2b,,,,12,12
1c7c6c5c3989680a98b0f510260ce578accfff3e655fe70d4ea6f10b07ced55e0dbb8a295ede39bea85fff8a286c0c54bffb81bfea87287bf42e492bc69ab9c4,female_feminine,England English,teens,13,12
1c94bf2c3bf8788760604d4957ae7111523aba3bd521f0cadad0d3b4ae3d0e6b02d105041156c7298cca00455dc76e25ad4cfa95235d7f75a24a60a72a36c56f,,,,15,12
1c9d7be6481868330040a72fc4a3c8abad94e367188d21ca57d40e96cb7cc532ed51b7f5e750708d472279f63a31624a4086649f09d6efd4e0d53f2c5f3bc3fc,male_masculine,"Academic southern English,England English",thirties,21,12
1ce770dc6ee32c28882cf66fb38a9557ff644d3c96603625e15136f81c383091759241f325f99310048e1200a7ef6ea18ef245df25340e4f706c6790ed595b6c,female_feminine,United States English,fourties,12,12
1d293983a9050af807fa3a624907709a10b7d81e6f887245d7209100f4ba405b92792059cfd3f4a7645212f9a77d2052699ba01ea8f05b50bfea2291577d172e,male_masculine,Canadian English,twenties,13,12
1d6a501a96c5b8e7dc7c6a75c5f3168b919aa36bc57aacda79e7d1e59abc278fde272682b02285ae49eacc285f2ce7b7bbbb9e94d13da58f4d20e1900df464bb,female_feminine,Canadian English,thirties,12,12
1d6e4bc98ac6b2bc78bb86c444cdc9858288a720a7ffa393ab64bdc199348356db5495e6debeec1cf87560802d9e3f4e1c1e55992516afae14c236e377f7176f,male_masculine,United States English,twenties,18,12
1d8a5a86ea20aa36ecf601cae7c6cdaf25cface549454f3f365cdd1a36c0d36008c4f37b5c9f9823f50bc946fadd1f803ef7a70f74f613d2eedfd455caa9e595,,,,349,12
1da91e25efd76cff86bded4ba28cda9556b61bee08f2696f0f79b2b2250f04ee8db88b97c52e38787543c1d8666977e3de7c88c53ff546c06a88f8e72ebf7cff,male_masculine,Canadian English,twenties,12,12
1dad25d71a365e0b928d74635740a51a06e7e9f4f1f039814b27a854cb70cf35445416af609b2672f174176c1b3c82885005c41fa2a7e291aac1aea69190bca5,female_feminine,United States English,twenties,21,12
1db8fda02ed93c18e2fc25fe68f7f387b05ec87c61ffa76f9712aa2196576d75edbc446e3c729deee04da12a8378970e05809c0ce429a79d20504933725b24b7,male_masculine,Filipino,twenties,18,12
1dbe4840071438e638690b6d916ca75f5873a81c259d59714c36f29260032a352b1b2ec752dd97de83aed3d0fa55a80d33209e3a8ac985d3ae5c96535da0f700,,,,20,12
1dcdedbe135ec7be714cfd2845fda08de01e759ee5cdb67bd5e6d84079be42dba7ee2337644680d79784f7ba5e63dc2ad89088d38857bd27d81c11dea60d338b,female_feminine,,fifties,12,12
1e53b4eb924ef1576580f18044ad600c657209c2d9d35e7f4ce2c04861f348c1313ae97a3ba4e2de2309506c96275b54df5f63158375a8923c53db831eb1eb1c,female_feminine,United States English,fourties,20,12
1e96e4da92f5ad7a12b21e433d0465b8bc50e14d8da7f1f0e7bae2a15ff6443e2f244d995e7969deb2f6a4a0cf06fa4fb629e247c4815fe3e4e80ad25247b55d,female_feminine,United States English,thirties,24,12
1ef414c9abc5c39e7e5c135c9de36bbfd009f3e14be0d3e05cb0a36d07e60576d86def828d8c976460126dddc1a1bacfaa469b11a421c813d5443a33e198c66b,male_masculine,United States English,,14,12
1eff4631dc269207618994527c66eb15c32fe75cdd16f377e1d46d17ffc037100b75d92cd77f84caa6ebee2c8542164edcaa42c3ac4a4548208a6ed93eeb1a66,male_masculine,United States English,twenties,72,12
1f150fa72ab4ef621c4294d6a1ac26a477f4a8b88090c9560a07086a823090bd820852a2c23c96076c62baf2e5479183f58d0257aefc2fc8ee49d0ee724b6d6c,female_feminine,United States English,sixties,27,12
1f3f4efcb75ed41ea8fceae3a5c95109b576e055e53efb5739e3b75c08af81ffba47c343227b5453e918487f522756e4f6e07166d04cffb72d7ca1992e9ea2bd,female_feminine,United States English,thirties,17,12
1f4a908155f75bb2372928047f65e3a170ba285bb7f207409874d9e0be634a645020ebe2437040a4b64ae4eac61ffdda8850284b738276572794f360721e540c,male_masculine,England English,thirties,60,12
1f615015f92d8282730682d7bd92b1fbd0a766e4899c67bc9bd6d52421b1dc5844bfbb9eef6230c74dc4d289be9eab285bbb23886472c9965e42dcc1dddaf2b4,male_masculine,England English,seventies,12,12
1f829ede5b664b77fc086e48a41d1c3c3adbe89d02ab5feb8262f452064ab24c55bfbd95442052c8813c55c86d24c1b838f60fd57aaaf0cce406feccd4a5db2c,male_masculine,,twenties,23,12
1fc06ae2858fe60314b607d8728ce36d5dcd8f22f6f13b106b6c4a346da6e0d00fa406883a1bfa9a0973fa46de07b02b471559048f76b07fd708d71dbac8907c,female_feminine,,teens,82,12
1fc2230568ac79fe994d7e3421b46cbeae1759433c65a1662f2f7def56df6f040c0b799f54ab3b30ce6305a0e7359e04f4bf68ae85d2dfbc916f6c7f0ca9e0e1,male_masculine,"Southern African (South Africa, Zimbabwe, Namibia)",thirties,16,12
1fd8f855cb79a3775218a82cb652aa3f6bb9a0b462b2c6dc06cf85707ebde3d7849692d467c2c8bd936fdf36a9cce5ecda3c033f0c92798b3ae8f611c06ffa27,male_masculine,,twenties,20,12
1ff23c9259a73c7a68f8a2b86ec6244cc01289eb0772e084be85942e0976c0f9728724bf41ef3aad5ac1d231080943c8737d6121b9832149a237d7f7434c0c27,female_feminine,England English,fourties,14,12
1ff740a56f506ef07fdb5c6f712cb9c1f11e446ba3f6c0b6ccc60bb5115e1e884b464cd60224e58d00c6d5d30f87ab0a3b9b07557cbb7f0a823bbf36d9c07320,male_masculine,"India and South Asia (India, Pakistan, Sri Lanka)",twenties,13,12
201ed0a6148e0a1408d9ba211d9f39e21fb15fa6ab060364581d47b2a65cf99b1d788f50e0d6751dd5c235d2239561353f84f17e6b9bfdf7744c03a5a27299d7,male_masculine,England English,fifties,23,12
203ffbcab8c5cfd92e21c94fa9eb3350edc7d3847e33545d0e7ad64d2da6eca63ccc29c753be477a431c492c6900c933e88ab6d5bb918a9ca50b5c065d54860e,male_masculine,"Southern African (South Africa, Zimbabwe, Namibia)",thirties,63,12
205e0c205e55a3984231fce2cae4221d140211a8b5b6f728d27e5aea2b26aeb5765dbc327ecc4d410d06479150b72ae32e47503e2021a6b879bdcc31756c8fd2,,,,18,12
206710ecc1fcd76f0e083acbd83a04bd9613a02785b70caed19e7764dc00239a37407730310c555c891505342dd257b101e6b9df14e7d4b855b73e42df72dd96,female_feminine,"Southern African (South Africa, Zimbabwe, Namibia)",twenties,51,12
20c5cd198dcc6e43db686dafc1a07bc7a382c2df9922373c675cc42a664a5d672bda22a9c2fb63f6bb4e53a1695cebddf14ec061e16257a832bbbc70bcf9a072,male_masculine,United States English,twenties,118,12
21086f813c6e97da2e12caeb33f71db3f1416619c2b4db842a3991cbfa7253fe653d350a0f953b99f251d35ea4995a6eeae27845421a5c89258ac4bf5dd3a715,male_masculine,,twenties,12,12
21135e5599eb2022b7d45c6bf603c47dcccff02df100073449f2b9c8ddac9a9363e4c9ce909617c893a88dffbdb1639d27680387cc2a0864439a86feb5fe7150,male_masculine,,twenties,12,12
211cd21a3e7964b16dbc686dd04c4d42bb182e6e7d7181f493296be695b2ab609e947d23bf59adb3c8ea7b3aa02e7e4ae93a9b2f6d8b40cf3dc01e8ac7640a1c,male_masculine,United States English,fourties,15,12
212664798424eaa170f57cb73486616677bfe4ca7672c76ed7bed5552122c6ee0b4c1a2c42862fdb5306d4c22c56235571e15b731c31dc2faad29c613f993306,female_feminine,United States English,teens,16,12
21467de382fa72d8c285a4794e669207687468d2551619dd8a8186d7108c6f7bfbbfb32290644cdb96df647e7345400518c8aaa88f2ad00e1277085b3dd6a9bd,,,,20,12
21580cd2b189178fd1a54f973b311c2c17d9c9c22551bc474aac3ff99a050ef1bf1a09ed2349495ff4454366e998c863a4d766d456ca56f7e711f3f5c06d55c6,female_feminine,Canadian English,twenties,38,12
216942e94d3647ff80e0bd5b92a4d3875c03794fc55b1ed55a2916aaa6a3bc4e77ef533747b174264e15c1b5d2205fb9532e94c109e61e3cbc78eb0c900ad015,male_masculine,United States English,fourties,19,12
21714a0fe5ff1ccc074e4a9977894a4b3cb59a4f75b7f940fd0450fadf9f550fd2a19144857fe3c78fd7288b416bb16f4a60eb6c312812b37e451a019f982c2e,male_masculine,United States English,thirties,12,12
21de99683e13faed97af72e1d336a7f1b1e8a11555c4a69a1ec4bdf8c6aeafb713e309e4dcd816ec7069fe6655b7b27b6978f6999d8d70e438fd382f768e05f9,male_masculine,"India and South Asia (India, Pakistan, Sri Lanka)",twenties,28,12
21fab231b005c08e7c67658d32c297e0d9395199c679bb6f173564e9041f617470bfb198b5669d41c0a421f62806fc346ff7bf79698e82b2ce1fa2a144fca565,male_masculine,United States English,thirties,15,12
221c834317ce3121809e7a68ecb68dbe9f79584adbce2df28daaf8cec3da3584004bf00721a342111c75f20eae881f7e738137986dd411f4928f1e1a423244c5,male_masculine,United States English,twenties,43,12
2244e45bd05ba9bc961063bbea119b7e7a548e31afe1315539c26301a870d3b2ae1c9a0738dc7fa6b9383e926e225bf66b4cde27fc00b62e601e2d6a3fc7baae,male_masculine,United States English,twenties,25,12
2258771ac47a6ade835ceb751a66892d712650e5b6db6f3449ed501bfa7e048b380f80b4c20ca7906375df2a1f45507e1cb5276d65ebf4f19d56338f3139c121,female_feminine,United States English,fifties,20,12
2260012da3141f7794e6d0c1bb750d1b9cf0b861e1e69a858f8e7da7e617c49f8333d56ceba58fe645e0cfacfe5c296712c399faecd319d4bdedc7c1134f2014,female_feminine,"Southern African (South Africa, Zimbabwe, Namibia)",thirties,16,12
226455dd4e5576e6f63c9fdc21c8dc226fb62ea949fa85ea2c2df22eeb1eb2baee79d4ebe1fc8739336ed43ca886f1b606f14e41fbb0b8659f0a68f24d7278f8,male_masculine,United States English,twenties,20,12
227d988424b064f348d6242ddf0d5a8b3737790af1b4869c2ca2ed3111a67a4de5c91e1c39d8122926ca933985060e1d9fcfffbf1465c6cd91e744929ad9253f,female_feminine,,twenties,30,12
22b3e5dfdeeeb767b08fed9a06a62cc5bfafe8219d9244aac862c7d95df385b556119400958d1ffb555f44a23d45843992d1348d8d506abd951c0b87511b3111,male_masculine,,twenties,13,12
22d70085d0f069350397b476ee8efd3fdd9511371effbbe79af1ed476818fe5be5d9f68fa88631b5c6a58fbda6b4b48b4a728431bd8b5412b4392fdd87a8c680,male_masculine,United States English,thirties,20,12
22dd21ffb5a94b4800ab81a550313962ac4274b338386a87f5f98a319ce8778b6a423b1c90bbf641ded3bf0c6df4f522a201f7f51fef1df7e6fa01a5eb640c39,male_masculine,United States English,thirties,46,12
23155b3c9b54685ab85e13f624e6e07bd88f4280ce08d3e2cac43dc044c9aa8ca68d9cf70689d485319e8d91a60b6d25089f57ffb8156d07bff67d67f1a0a8e9,female_feminine,"United States English,southern United States,New Orleans dialect",twenties,18,12
2380d4c722a2463fa161e47ca7c4dbfc054fead5f751d703b4fe2311504b3be93ed5bda52a9435792b1a7fef8d553be68fb0b0365acce9665a06d322b06eacaf,,,,12,12
23b5bf2a59c03599b93d90b357325b86000ccda876ab82a2c9533d8ef37d8d8d08a96233f1ce9ef58d16a24681a4a8c37938fe97c412d4076501083d0351bf24,male_masculine,England English,twenties,12,12
23f791835ca0ed353478b225098c1d31a7f92d9e4d3277b883f31a64708570ed1f7228864272cd1416fb8362cff126d548b16e881e00563de9af0b02194d7df2,,,,13,12
23fa6f41ffbc55f81da41199660fb53c14f6f2ec8677acad87fc8cfdb745226c813c2574d1f0fc2a557cec5fff0057e1546503b34ad0c4b47a7c20bb78854d65,female_feminine,,twenties,14,12
24105d140cc9ae0700c9e6d314fb2a6689a145a4f38fd2d97ecc5c1535c1e874dca15f309ce1141dfe3bb6c473ce72bd75ddf04dfafd73617f5f1ea127c02e81,female_feminine,United States English,twenties,12,12
243c0d90f6145edce7803731bbd3baff7cb887a5290c10c1c5897e24248e249752883be23dbe58e59668ad96307fa0666e76dde82a2dd55ac2c624acbdb1d919,female_feminine,Australian English,fifties,42,12
244be08d9659a7b249cda11d300c34ba1d6e32f687cc1211589b1298870c3507831462f5fb7042543621db635fcf2fb61d3255e495861ff41aad99ba364b6ce5,male_masculine,,twenties,23,12
244be25a6e6393acc88705ebd0bcdb605111e1aa854cfb44295b546f0108236c2beee3f804b44b8554e69c2ed1550794dbe3b5cde8fa85ced0a28215a374ab45,,,,27,12
24887d982564cb58d86dbcba188b78e9746611d6b1f40bc21b40119e1afc72980cfae4d89f4c16b2eea9a1071488e53143e0d60d4e33a70eaf5d13205646f6b5,female_feminine,"India and South Asia (India, Pakistan, Sri Lanka)",fifties,12,12
24f52c8253fd4acf9adfd49f874c99f9ae3765cd3df083cc5a26a3e137330cefd2e3fe05c9b47aafc4ac15020e4dc77c90c4552702c927c7aef7a9cc92812849,,,,15,12
251987ae2c46364e758f6899791c3dc99511274ccffce31ee18ac421e9baa6b75871e7984e841519abc86908c166bca280f83e2c1b83941220f2d8ad500502e3,female_feminine,,teens,21,12
25bc1fb5e8fb8c59df9cdb4dd07be6837d50ff86b6582a5c4f01e6bc9fd5674a5c403798d8e0eeaa6ded4e2d25ce5c6ca650fbddef5e05efc861469d548e05ab,male_masculine,Canadian English,twenties,12,12
25bf649104062d95a3a3152c80dc3ec0aeeccf50fd167b9d54a31af2ee5a504cf11cbfb914554d7eb3a182513823ddfa4666b7cff49cc2975b642be9fb99d071,male_masculine,England English,twenties,19,12
26119d8875376e9919a93ab63e3b76854cdc4169cf5678a6b13b3686eb1d2fcbacd475c1ea243ba85bcfdf63102208986f87a0b92c7abd6f235e2e116df36426,male_masculine,England English,fourties,45,12
2616e7a9595a9e57c4be59e468a0197c41afc6508ecc5c8487cad9c1e12624016b262e0d8086bc485d6d7b8ce02e5d333c7681c7086e7bea2fc37d9c051a09e9,male_masculine,England English,twenties,56,12
2628f4b8cf28a0371d469beef38b175d13bd44d9e9c3ce41f1fa88f655375ceded8db7528d4125f9d4e678a15e7c6b7455445508e9a1c2020e79424a1cb5674f,male_masculine,United States English,thirties,23,12
2679869526f619c0ed756e0f49a2492a0d7d383c313ac18df3d138da9f07f3bba8b6f04d4b487d661ee6ce6a58c8227c0411be835308658df7028df49f636a32,male_masculine,England English,fourties,28,12
26df4893d79bcbbfead91bdac3e71958a4f04cf517540448b81d17158ad4085f46c89305cd0bf4dc7760447d38c842ead4e59f1065265846bf08e12351f2f1f0,male_masculine,United States English,twenties,36,12
273027b041aa9dca325b9f22ac882cac57fea557f455c075207cbef47f78532f4322459291d78f50f806e79ef25db0672dfaee09f356382f6620f39fa7cf2d45,,,,15,12
27abab9fac87a4bc30b0269ee6db9ff979562e0730deca2d89b1be43335b800addaf7105b8c458edee2300b01cf4724144580354f86c77aa9c033d9b4bc4dc91,male_masculine,United States English,sixties,17,12
27ba59fbd95e2ed09876da1bf896f8f96590da68b30bfd5f0d67e59f7bce89cb58c6c0a9d435e51e901ae253905df796f3c34f897b1fdf415996189021a23bd7,male_masculine,,fifties,14,12
27cea290b117a7d5b78c02edd6a0a166ab36354cdbe2daf5dac45ff17d5cb34d73ec8af6352bb9419c45ce74e42f555b800bab13c7acc3697d63da3850e76130,male_masculine,United States English,twenties,15,12
2831bd58a12949f3af0ffc6fadd8cb8216611c38bce987b6548813bf59b8e18cee31ceac5a2987e5800a21130d24d2f27230cfbb548e684a2fe0a3ea19acf1d8,,Australian English,twenties,16,12
2840e1708b3432b93a3c13007c994b48618f50fb6e18a8ef47c7a040ded1d934cddccc8e343d8daa0f7901270e04ba8fda6d44d090fbad3d02c501b265d6d73a,,,teens,132,12
2870ef921dc576582eec59b3d77fb97a57db3ae0118a38697842e3d6bde61fcc85d17a16e67bc893f299d78c69f1ad71238474580cddb159d35a1f215fb4da2b,male_masculine,United States English,thirties,36,12
2895ef52f5bd18954bdbdbe424b82cfd9a02cc4e6e3bca60c328585bb4993c5ee03c3598ce4e214844f6ece5816897d9ba22f10aa2f6b4a676e76456eff0d8d7,female_feminine,,twenties,51,12
289ff5e648c4407a05240687284f8e3e0997567871f25634dc450a038aefbfb5a01d5880f2ae1fa39bd06828a23d514b3e8f6eb8446d25003e909b4742fbbdfb,male_masculine,Canadian English,fourties,22,12
291d9dee87c44e4aa35b3dcc9263a1dde89e2f73aa22e93ca3003e29b906d82e28bff26cd3e3a780c543929bef2cf4f2eec00cf36b9683097687488180d68943,male_masculine,,twenties,25,12
293317ae69d2813c78dff7e876f4fc1d74518db7650e9dc4a33791d36952d80227682bc22887f978791c484f7e2bac2819d88c4efcb1332f4f5ec9cc1e9c246e,,,,19,12
295294c457d8341c05921b7e51ed90f2ba6ca4501929920d36ec1a91d4cb46fe02072ff2669237db9e901c49d77b98e68af2a2ee9db11952eee71e902d30d4f4,male_masculine,United States English,twenties,19,12
2977925914195c35c945cfa2ccaeefc4773c71f2b2d25a86c2ae304d4b465732c524507ab197dc1ca666ea9df54972abdbcfee0e2a06b9a73e2a2d5b55348f90,male_masculine,United States English,twenties,24,12
298b06bf3865da49cd87daedf1321cc869391a83447bce9de723ff91eb58da5f749b3072c1cadaae7adcefba4e538938ad5e0925e3f50f8c2e68e24333eb2935,male_masculine,England English,sixties,38,12
299f0dd85f2861f679e92991dc15e9adbdcc7cb8ce7e6df075f462a56ec7664f2f5e37671d88006d525e3c5454dd5e1258bf38e85df96b1356861fadbf259999,male_masculine,United States English,twenties,23,12
29b1e5a58d1667d4ac45832ec195356598a69f66680877b0d5ee465ce2404c0186affc81ffe4a29df35203fc07a0fc5714c60d914a88aa36d7f84c94dc381d2f,male_masculine,United States English,teens,128,12
29b8505586cd43382cd695da6b943f401104be710a5b60e814ac5fe7e06b39459cf8fe1701ca83f8154b3ccd749df7c2aef33ff23950bb1a135b1e1c393dbcf6,female_feminine,Scottish English,fourties,627,12
29ca16eb2c0faea0be0ad73b5d826f5e81dc6fd4acfa9241a002b5d3619fd51c5b00b009e7b98b50caa5829f8a96697d5942b120749ee63a5d637c632bd0f7bc,male_masculine,"India and South Asia (India, Pakistan, Sri Lanka)",thirties,49,12
29f6a79193b649f0b6fb579fdec22d2898ac150d868cd46e1bb9b8905fe00cedb2a68cc8fae3051d8b87c70b06ae5c9048d2a1c26f6e05125efbf1bb1e4e902d,male_masculine,England English,fourties,12,12
2a23786d280fc7dc7c44cd01fa6d4f1774197a8e11d0311300bf7ba4ab9d86a7c7caacad044f86b9e9dcedb8c2aa51dd5e85469a8fcd88ad493b8a5c473cf194,male_masculine,United States English,teens,20,12
2a35330ee1803f69ce5f96ea569c3fa22b1462255a7bad01b51fd1f363523237c49224a1386daa2dab43e3c0b90e97896825d925e5cb3f66debac0ca56b64d9e,female_feminine,United States English,thirties,23,12
2a3f77ca432e0ceaa318c29163cb80973e027f093d94194135568b84e747aa7d44d7523155d98fdc17395880d72c17e77a4b0d5cec5d19c15a104f7688f5cce4,male_masculine,United States English,thirties,29,12
2a4e7cefdc7aca07ce33d647fb9373919fa1475025eab5e119fa2731fcbba668add7a412201dafe68f7872df6533abf7261b757500243e7ae576f07577909267,female_feminine,Welsh English,fifties,25,12
2a5a00929d831ba2f1fe4178d781fac00acd9f7a2f5481df495765c271f50407d9dfb3c48a76efd180c150e736b0d46bce699c65de00e55e0e5b5345889e474d,,,,15,12
2a630e8428e9b441a1d8358dcbd3052b9a6f24c2f59dff4981ac2dd49e0a3c7ef41b0046bf51dd22808f87fe5f1f9559efe26b44503e44eee518d92ec22cf205,male_masculine,Singaporean English,twenties,28,12
2a719ce079517bfcbbd02a7c48ccd61fa0aa3fded2aae910bd8747eb04e01ea0e6cd1c8e5acbaf191bdd527aba28a78b50bfe1e371b14eea51bf7aead6cdb05b,male_masculine,England English,twenties,22,12
2aed9b82e54ae21e9e7158e611fdf1b0cd805db3d444b91b4c5e623b689dc695743d740334e6152580f6c04407dd720b17893aa9e0f32a47c312ef85121e1c2a,,,,13,12
2b377201db93d93ff055836f6528e2d2b9c5857543c07ca8cf02616db81f1c5b19b0f6032536207b96aa177294f4d11c0ff74a2211cf3297b0005536007869c0,,United States English,twenties,27,12
2b8b16dd2a58a785a955c39a7d2377a8a7c7c68d17dbf12e9e4260511ce1d6af3348d550b9c14284a392770c31a531aab65f1ecb95a45baf28313d76d85c9ffa,male_masculine,England English,teens,15,12
2c1ac3407d9096add6e97c9e922e59fc83e9dc1cea58088c734ecf1e702ba41edda207c822111c275fccdc9b0117fa41f644597d8832c97da191446134db91b8,male_masculine,,twenties,15,12
2c3ffd78f56f2fefc02b7e5cfd35004f17ff411bacf92fb6062e073bbdfedb5d1a3157c0206b1946755d1ccf4d79f6ca35df8d2746d12a05cbaaf6fba64aa63e,male_masculine,,thirties,19,12
2c952cc799413a59307a5619ac45927c52956a5cb6e0c9986aa5c6a69429b32c31aae80328d9fb34d4b503847fa8c0cce7db839634907c10bd77a88ca760ba8a,male_masculine,England English,thirties,16,12
2cabcb2c2e02e505f4c252aea1dda5bce10e9e995ec97f6bf2191ae07e171124bc12b9994309ff0fae3c8cc0823f96c715ede068c5e0b9ab0816ffe3fffbaa79,male_masculine,United States English,twenties,27,12
2ce1fca87ad41df8e316bf1d6c7aefd3cc5868743e9d6da774a0dbad45f59bbf264726d02d1670c165d26afec9b7f0e737f312f943e6678cc36019c070930190,male_masculine,England English,twenties,17,12
2cfccf5633563195c5548292de9a360d1dd0f7f5d897ff25e70dbd7ea3feb5cc3cf5e268ca79c13168a0f3a0c3bf5a5fdff2205eaf25503e057509fb14d318c1,female_feminine,,twenties,28,12
2d0e152e5c3736951873b259c7e9e0e657716506e80b46075cf128a522ed95bd4eabd672fc31432924cf0d8632e48aaa4c791e517be06235a7d0d1a9e84f7b55,male_masculine,Canadian English,teens,22,12
2d2d22707bf823e7a7a96a1164568e8e744eee7a2cf9f7db466318456b1bd8b08f454705f3f4223d2b7c6de4670088f0f91e1fc5bbe092982f654090584423b3,male_masculine,"Canadian English,Ontario",teens,14,12
2d3cb3c8d3ccaed64f8f66d96e1345188fa1d9792c61f598530d9a0373d2d484d75c602c80d24e57ec70d9e74e5707cd3ac88c20a6de67acfda99c6ecef9a5fc,,,,18,12
2e1ed480d6ddb598e6b04de8edf38e7328f346d674abeffe3ab666b1d9b3847e9b43c3c741367f7796841ea4f20fc880defa72667490cfb017921641a4a1fb88,female_feminine,United States English,fifties,24,12
2e50a600d8e9ea4c5d047767466ac38ef1f0c08f49197e7810c30a62f3fe5da4c06ac9719d31a89d9b8055a1ee8f3b9500da1ef5abe9c2c5e9355886d514944c,male_masculine,England English,sixties,13,12
2e8f95ac5b92766221b9e0c8d8ec2f190986e3cc291f550886a6b6c8b934673e062bb5dfffbb33b96f91d04466c578fe334abb3edaaf35a674f6d34f519cbdbc,male_masculine,United States English,thirties,49,12
2eaa77044cd86db36344c4960018f6749c36d44d435a26297e8861eb56ffb15bf978667d74903a7f054d7fb9fdead2615dab2fe4f046945989b56de2669bdb98,female_feminine,"Southern African (South Africa, Zimbabwe, Namibia)",twenties,31,12
2ebfff70730af8309f99d36860cd1b9fd8eba29c5474261537bc37862639a9d782cc952688d34aa895b09861d351b3ebf35d6e990f4e4bbdba8c909d77cea54f,male_masculine,,teens,23,12
2ec83f7b270ee438a01bf62f625c93bb018a604841f910f92b5d1747bae4a24a48fbb1221613365c8a80ba63ef487318eca2dcf35998b3d4f640ed5ad1723301,male_masculine,,twenties,37,12
2f06165ef26ef1c85642ff859516ca64e3b53b57979daa396043e477213c7e6e8f05d4c850877242312ab20c92fe4623c905adc632fdf92f52d2176a53c491ef,female_feminine,United States English,thirties,33,12
2f0f26544c91db48832a3c1af6114663f28e09a18662ab7c9d5c964ddf094d89af4b4682de1df412563b1ae771234f553cd01ea09ac53245e99f95c0daefe040,female_feminine,,twenties,20,12
2f17c9c305b08eaf7c8e67761c77fbc8ddc4c337c426cb0eb76a259dbb25d11860262ebd19760b0fc3e27786a912fe84cc34d473c0a4d45c5bb5f971fc9b2954,female_feminine,Canadian English,fourties,15,12
2f1b507e91c05349e1fc18f9685dbb15c38a8a94c617e2e8fdc927e55f507dd586249b509a291e57c484eadbd54b2f7da3ba9e2121c48e1e983a88d2ba06486a,,,,15,12
2f3370d961265c1e35bf9d04644395077919c39a8ebb168c76925adc1fb4d6508ab9c9b6aa645baed4b07732423ac6765643f7a8e2a46a787863d3bd7c3b2bde,,Scottish English,,20,12
2f4570ea5c882de149858a090c6bca4d4b41472cb0c86af785e7153e120d7476d874898b46b3487ef322bb64de4c929e023fa47b5bbd2bbb6763d444d795d44b,female_feminine,"India and South Asia (India, Pakistan, Sri Lanka)",twenties,26,12
2f45c4e01025518936cd294aec0fa0222d27f6bfaf81a560e186851ce90b9cfb84e0bc668a9dab0a6e60883b239853368ab2022c1ec165e85f81ed58db7748ba,male_masculine,England English,twenties,14,12
2f561cb0b97147db51bc0ad72c0fab191a48ce2aab48a4be4f9f1496c67f7e2d8c05ea3d0625c1a28a04e0f3df3401d69ff4f85f9415cfb5f68ff45dd1370488,male_masculine,Canadian English,twenties,17,12
2f5b4a834b09c01981290d69bc8d545f2f9897d8e9397f7fd143fce72f05535ef3424aa4befc8f255e483e245b541b947a98318bc60e299486a241b080344c4f,male_masculine,,thirties,35,12
2f986d70190ac87022911453b4d96e423e18e7eb11b6f8198ae825bd4e78cce4857e5416004e7a504b50aca2248a06c2cb86df5318abbdf2a4de37997ad9f6a4,male_masculine,New Zealand English,twenties,31,12
2fcc2acb0b72afeb7c58fbe878b11a6ccde1576faea16056138081e560383cb3c2653ee754ba2d4ca9ac7e34a9c8257c4444bbf964fac77ae209e644e2301162,male_masculine,,twenties,17,12
2fd309fa9844ef5039e319486646f289653f808add85e7c54bb861b9e57b092a8f580d7bab6ea13c7f196af3bc18744c8224cf9d3d9c3167a7678477a55ec11e,female_feminine,United States English,fifties,27,12
2ff5973b68ecafb0ca261897f9692a670b2d20cee94c68a76eef4451682d8ed9b96b548ea73c718d2c99049c3d1eb3587b07ee60fff75819eed0b2e214f4fbbc,male_masculine,"India and South Asia (India, Pakistan, Sri Lanka)",twenties,13,12
3000c4872f8d85b4b158cb39c715eda27cb306679d8e14f56a299ae80f5becd0ee207d8828e301d9d3446851f1fb18d0e51394756b43a73be3d8e423497f3273,male_masculine,United States English,teens,12,12
302530e014f979f17099c414f0c92fac933edc4c0acea5e25bdfadf91cf6fcd94ececc8e60aeab6ca2634f26cf465b7106762013f88a8d436cd8e9295aac566c,female_feminine,,twenties,15,12
3043eb47273da0ae635430d75dc691a092454fe1637dc884ea9c3da935bda508f154643022fcb37f517ec0eb546f60903c4fc24063e6d3e47015cb0bf61cf63f,male_masculine,United States English,thirties,18,12
3060134ce35a99803df262be27f5cab745a1e7aac92f3451bb65ab127c78cdf53a6844f3295b4f9a74afb60ba9b1b504ab2d7e2953dc7e5275e63b13e6cd2d3a,male_masculine,United States English,fifties,55,12
3067100600b638ec7c098e78489c59d541ef9a9bea1193fb0aea86cf9e51a5b9d61031681a92539a3538449ed8a41bf1357ffeebc163542afeab462f5624ee47,,,,13,12
307600496c1c75a8c880fc48310e602df58906c6d4db42af137b8aa11b06e7519326aaef8f7d1c3229ac3bb127158210475eac60fb3c50f244434dd0d90e76d6,,,,24,12
307a4fa8099bca1b0a92cb228b899bf047b86dee93b8e32053a0e7cd61b150d58259e8abaac45bf6fc2e7f7ebbd6262aa2d6a483f42b3fd7271d2a054082da7d,male_masculine,"Northern Irish,culchie",thirties,32,12
3094148efad804e723ecab2a957ca062e43339353dd0e85d2a6dec00b3602781b013a8656cf24f53afd488952dcc6edbc8a50bea16e141eca40decbc4b7bd0bc,male_masculine,England English,thirties,33,12
30a29b5af4ec425d6246cdc8cdf5044f493c0c577cd3c49cfb41040b411704cc3ab0a2074c480405469d0d6bc94afbf8aacd01ca780a41a9112eac5d7d635645,female_feminine,Canadian English,thirties,16,12
30cd7a526019c81da505760e51e6708329718e2104481f22bcd2b3de33079a4adc29d59966c5fea2caa77444232f41e0de20360d68a5dc1bf20308b3a519c162,male_masculine,,teens,35,12
30cf92caa81bb2bef0f868e2e97e200dc6f77a01d6f188c1977cdace5bba9eb317190fd2c260eba1c3cb9f6ab22c6733a8a228049e1ad115fbcc13f4d3f53943,,,,272,12
30f891a6faf4673f0b871d6cb20ff97f20f7976c713a76a1ee8d9716e2cc926182cd574b73790961ed63d81d8550e184938fc35c7850b87950428ff238ac8a17,male_masculine,,twenties,163,12
312fbdc612e936a2e879fa66a47db4c83348ef0c87fa8f944c9ccd976c27fd6b34274d0598c542b39d0aa42cf388692efb4566280bd0ccc65efc5f8a4df12613,,,,12,12
3147a120d4f77e4d4a516ef0a7e82c86e9871fd71a2d533af75ab53987ae375720846e673a581cc1d6ac7567396c030dd19e5fc295c1537438cb1aa28e2be0b1,female_feminine,United States English,twenties,12,12
314958f441636258961266f855b6f82d7ec3599af877206d7a92b2ea142f3e56124c16cf1c132ae828698481ec454426eabcddb61570051f4b53f35b625902e1,male_masculine,,thirties,21,12
316e22daa95af1b0e1985d2365979c7eb012a4879f10700d68b4ab0a778389493fbc84345e8ba0b42a441e4428f46ddeed7625e032fcc24d79b09732c9611b98,,,,12,12
318d218dba42c9bc7981365c144d14b8862db840457f08a4c176294bdff435e6a442e715115836be84b25a29cf62cd317aedef4557d6eddd3bafb50e6b9a2d2d,male_masculine,United States English,thirties,24,12
31b57fd2702611c6fde2218738eb6edc8d97ccf9e2599155d449542b7a6e1be957caff8f4a2c801b3fe6d577cec35375300b818aeca30feedd76e73ee22deb9f,male_masculine,,thirties,13,12
31bee08bea18ab5748d1ceef15c1690991f28ddffa87c9bc0e40c63461f955d81a81bc170aa631a7434f53b0ce1a81e541b31f207e78ab15a43c1ebf8be95825,female_feminine,United States English,twenties,18,12
326e1da548c76a4d8e7b368e354da5499bb0a849574aa0a0175da4c27e231d0b2f0f8312d56374d0f3fd586230cd25cb428afe87ed34fc0ade7737e5667ed36d,,,,17,12
329e341f220a279afcb76b1610eef8346b95f46e5d0321f3e1e96bf20aec793ecb0de75a2602ec372ad10b30a8025cd2103e7ebedc3c7c7c27bd046b2afeb84b,male_masculine,United States English,twenties,22,12
32b1515bc346924bc29b0cdda3fc2a96d2346966ca28af556d3c1c4143a36f899720bdf0c2d0c966dfc6a8dd05e08bd4bfe13bbd477f7a828cd0fee7d031bfbd,male_masculine,England English,,31,12
32ccbe9d88d17ce7f2c20adef54078e58f24f0c9008cfd93742c826abd1f8de12e2a3ca6a93cca3a6d6e2d28cb2876fd832379d8ca2c9144fd597d7d3b64fa39,,United States English,twenties,13,12
32fbd7f9b185efe0cbab8ca460db13ce79f37fca1b8be79ba5b329feb977f2c2ca0278c35bf9e673b582acb843e707ae25e49433d8c73fec818d9a669746b08d,female_feminine,,,23,12
332721a70256e7918223a6798ef62019df951708ab7bd03577391090b8632094105deec9203a4db6a1717962d3c23383e22082861757c485edeee4ba4a282d98,,,,19,12
33292bb83c269e981b96086d3931444e2862d8ade5fc17893e639a37ee86f055fd56beadcb467c7b89fbd4fe38eae61eeca5b89eeb1a5711145f6c4f98660bf0,male_masculine,,thirties,16,12
33555ff035dcda7a6d74d2b3538050f88edcc299dec46e11cc15b5aa2aa84ebedbd488cbbffbb124602ab11c6e947e5f42358e8ca927c1e3cb206bd2e5401a81,,,teens,15,12
335aab6ea4289e5c2b3f7b843cffbaf75a0a38ed3c18e13d6bd70eb260f1fcbc186bfef6b93991ac69b03a1bea9e84edfc4ac80a7b4e20e32171fd91d57a9812,female_feminine,United States English,sixties,13,12
3394eca51035b760f2384ea3657023687f89feafb0b713065f9a825890f8c8e3c3beb07e942578add9be329b1431062b20032ccadbfc055d351ee0159874126e,male_masculine,United States English,thirties,23,12
33a18c48ee634032553917f64d5b95aeac04e306e65eb78ed810245d7737f29af0372bf44b54cd14e1e6883949e64ee130298d65157744a44c2f9adab1f3e9a0,,,,49,12
33acedb4c9a7129a32f4a2146d56be337a5f63c9d5683a987415db2d8fd4535c20883ecf34a334ab1a201d9548f2f1d3c3c4621a36575a535d533f02f7831f26,male_masculine,United States English,teens,37,12
33f649d48a5122b434291c85f109d9d7dac4d0486439d441a0b2979e54397bbd6e15c7515d44c5754377a83c9a1a88a3715d3382455f9150265ebafc8dba819d,male_masculine,,twenties,50,12
33fdaa56f23f43bb6e2362e5d720db9049749b6dafc2b4b48c59b0d143b124a2b27c475c15529cc1e5dd29b9b402210a39b07e5b328340a28c16f3a7964c1e7a,female_feminine,United States English,fifties,26,12
34010034385bcb42d9e7045ef4645a4a4719bea4521f9c760896b23e48277d3102cd4906cbac8bd2745e9f1eaa12e97ef1eefb483d1e2253837377519b314508,male_masculine,United States English,twenties,16,12
340eb8f4339d5739f8a0073290c374f02c4f1767a680c168e788eaef75022c1b63bca677202fc67b45fe14b0fafb0e617e0ce48d59606bbf61a8edb2e0d0f662,,,,12,12
343053b4ed5860ba30fc360a0d4c788384b65180e074fab08890a94701b88ca62160ca28be0444900d89c3935db66f7d7240707ed3ede8dcf008a543c8aaf7b5,,,,14,12
3447120ac93b7c7788687c259b7f55058804e4982c36174a9a0af762495a6c2310915d2b10562a1f75255d5b0a18eefb304ef7b042006d96d83158f22d238de8,male_masculine,,twenties,98,12
344908c02bd9ae437d19d5b7ba3fe238a770da115d0a546adf1c20601008a1e2dabdd9f029d8e71c56e107b48f6baed0d87fed3a0e63eb9425be221055d40c12,male_masculine,United States English,thirties,22,12
344bf332f298134d3880f9e38710e4c7e7037157bd63a3f5334f3c0d627ff61645ffff180419eb666587109a9a7638148728a3c5765f76296fd68c957088b428,female_feminine,"England English,New Zealand English",twenties,165,12
345ead41094d4bf4aae58398d87ab219b6ffd948dd640a1a2a4da43e2522343c539d11a27052a9cca1014b590e440971db0710852df02639dc9f3d304469aaca,male_masculine,"India and South Asia (India, Pakistan, Sri Lanka)",twenties,12,12
3479ba11b3d8988e9c536be832927bcc9c58b00c86cf085a53384c34e82bae0ccb35a9709d0217a4c7b2dff24cd727b5877286096ab0d1efe6dfe835f8889564,male_masculine,England English,thirties,142,12
347ca047cdbb121e700a04dc44e0cfec443683ecbe178b4b1952c4400235a3bb1d80cdb01d6322f9c73c88190e660e62a468e31248f81e6e8dfb52caf233fb91,male_masculine,Australian English,fourties,77,12
34ff5ad8db33561f4bfb74af391c451a0368e5ec0acc299f526a28bf2d18b7321eafb89138fd7fd867be609666eb0ea65489b1323feb0c06af4307c9fecdd6a2,male_masculine,England English,fifties,82,12
3510909f2bc9762f5d0cffde382eed84a2090201c2644a9b70d5dfcdc8050f0b0170b146dfd029f162133b853a311d6c4f3b566edb0207ca2fce0925ab395715,female_feminine,Canadian English,thirties,27,12
35664c0a8df682f3e89893a78299de03ad685778090a59d7b135d2c4ce94e326789cb1261de5fd7438e4d79de97185884031e4f20679b65bc7a8178b507df1a0,male_masculine,United States English,fourties,12,12
35876b023422c554cdf604507d64a2a5213fbb57750d8440a0cc218da76b0767cb50fa768bc6daadd522697fa874490d751c1da12d77cb06e2b2a180bc04a8b9,male_masculine,United States English,teens,15,12
35ee6eb56ad5081dcb8f3fd64fae3d9df7c2e072bfb73a5d954a9892c7cc1f01a9361b978ee94b09048d1ed4e8e6d858358ddbbc075f8fe8eddf2ec34a6597fd,male_masculine,United States English,eighties,50,12
35fac6aec3caae65c56c843fff8368fe08b766f2c8b6fc7fd2bf57f460dbfe516a45563802d2cc35f9630496fd498e06375cd3c01055170759c7a04ef9e8bbf7,female_feminine,,fourties,20,12
3626fa6b9645ba859cf611370be40d14691f5d0a46511e57ee7d8ff7b00e19aff177a20ddb75e1a05055baea2ce937592490a12437a579fcaeba1d37103887dd,male_masculine,England English,sixties,69,12
363149b55f48ae2be54d8009e900be7bd455a825cb60026212699bce70ca0518d8e1bc12b38626908120f6e914a5f87d1d68df5f3771ff8712d63d134110595e,male_masculine,England English,sixties,14,12
3646524ed06920bdbd2f041d0a8e50c55ec09cbf87dda94409b962ed0397736f2b15e36d96fb8354c268e416df9e784f735dab2f59445d911509c794a2ba0682,male_masculine,United States English,twenties,12,12
366a753846275be279eda9ca2cbda6b54abfef3e22d2b66f252c39722de707e9859e6576abb45f36726cc8291e71aaf5dfa6cbc875f68141417a2666b2263778,female_feminine,Canadian English,twenties,12,12
3676774ba8b37c4723785000876682b6d765a4d6b097030ff6f0150dcedcf5cf3378983afed32f2505a49323d015a8ca90dac5a41e1b7999578231922104cbe1,male_masculine,United States English,thirties,20,12
36b83dc2895ee7ca3860332467eae1004c2b17adbd25614e15f889989fc897b8c9e5760d973eaad41a0e88bf8bf7846b75184b636cc58a1601a2fe7b3034b84c,female_feminine,,fifties,14,12
36c45d09a09022393519dd3103a46d1ddcdfd92ca3eb2e7cdbc4b15bcd5634efc139861c95de79952d1cc240d071d42083ebb2ac8c6fb74b4e3fa05730407709,male_masculine,England English,fifties,19,12
36f5af261041e42136d41ee476c8744fbac8f3f72225c9fc967af17fa50309a1506cbfb316cdd5363cc2ca1f7d05d16e6cb3590f36fd0bc4eef30d313e36968b,male_masculine,"India and South Asia (India, Pakistan, Sri Lanka)",twenties,43,12
36f5ba649be47e8ec385e9d51b530ec30c8a8f0b0cc4b7310fd23a7a7a69a3c63bb617dd945c724c6bdbedae1d76a895445b480b26f525bdd07ac7dc4f684fc2,,,,13,12
371c8a50cf39c519b7427a7ad5759f99ed3b70c763d5f9b0516b33b0012c0fba9e7a76b4faa33757bae9f212c3f2f1dce72d1c6eed1cdb480cfb36ca68c7da23,,,,14,12
372293e65cdab88771e028a4351651ab2eff64438ddafc211e089247dcdccca350153465eb5409ce708081d9ad384af45d1dc57bbe030ae1a2c0edd561322fb8,male_masculine,"German English,Non native speaker",fourties,3617,12
3732d6d58d2f6479b7e2be147a96b55fc3811f3bfa735cf0c8179f3d9bdc785a02f264ff93ed5dd5d5aded673817ce6ab1e16346e9281167b2d51a1e02202c1a,male_masculine,United States English,,26,12
373d01c6ba799437c3cfaecf801403496cfe1e211dd474e04ad1fb6f5bd2b80e160f6379b86745d91914cb6059a54be65e39e2e5f1bf46c026c2bf60baed967f,male_masculine,United States English,thirties,16,12
376633fc1e8477250aa888f01247c5863f2d092a3c2390b6a9876141575726a1903ef924fdbb2b4aa39086d898c8f4a77673b354e85b5e32b1cd8a5ad90716ec,male_masculine,England English,fifties,37,12
378b801120b4716c26ce6b6fa7664187bcad5b49861fcc9590484019d651235f5435afc04f491ccc90c6cca8988c9be03d8eb86d9bd12de2ce5c5086dc82672c,,,,16,12
379dd19cb981e4e0c55e088d74083093ee704d0d2332e65e056b9022bdec56c78d8ad347227fd8b76f9cec853b8fe539142ee5745e0a97c2a4c471187541f91a,male_masculine,Australian English,fourties,133,12
37ad430cbc3ce386b7aa88619ab8c92d6079958ac39fd95f646438c895ee31a2fffa3c0469770d05cbb9dd09b93ef092c7503b7821e7c46b0b8a914d4d8065a6,male_masculine,England English,thirties,27,12
37fcf2a1b6d5c4845d72fc7bff540fea36a9f3e9942c95b3a6cb3c0b286ed1f09468567c3ea732ee1175a81661f81be5e137471575331fbf9f5456b5200d90ab,male_masculine,United States English,teens,15,12
386ff03b08f94b1e860a902aacc31418e38eb752925991029e114328be527034f27c43eefa6397b3cbbd7381aac124947bc1eb03a5ff4cb9391376ad09f77df1,male_masculine,United States English,sixties,15,12
3883f719d95b1d18f1541e53f20fcd645d1cf454977e0c0d5fef0fce4e6ac6f8b334439b8f0c4f8d945fa2681a1cd3a8313011561d0f33566c65a71290f657b5,female_feminine,,thirties,36,12
3910727ceff0888f682cef433e99386f0d3c46e5475166e72acf3fc1744e5c50403e47c974fe54669d3d1d82d9afe2ff0c417885a10170dabe39b22c1c661323,male_masculine,"India and South Asia (India, Pakistan, Sri Lanka)",thirties,14,12
391b0ae255c4fc5b9f0fb7ff54ee02e17e50dfc528c0ccf9ba605bd26e100449a9ddd3c4d43f852125f7d7a39cd366fec094bf28f9791362d8fe72f1a61c7b46,male_masculine,United States English,teens,15,12
391f19cc56c80b71950a424f9dff058a997032adeb86035391cb71d437f6de3168091c5a7aad0cbd28cc5ae0c66ba67c4e000ce26070c6d3e2810288267220b9,male_masculine,,twenties,19,12
392c0beffdd3617b039eda723efc74a4fdc4819078c85420b1b42ba87768ae86c8ab2f1ab8016d0f5482109b97262596243599d06863e78086a42b3451322eb4,female_feminine,Irish English,fifties,25,12
393ab743f2ad52cee65ab1b53571333466f91b7d69b4ee033fe98374de90d13512bcd6d5758bfd6cdd14f6afa6f8ca3b3f1a7b4fdd8d6c443ab8cef5fa39ce10,male_masculine,,twenties,37,12
399f346cc31fffe978ce28b910fa3d948e8de89a5050ff2c3eef2a59775b26c9b78eaf928964aec5f9b8e4eb4a2ce61bf786100e4d56ca045cd95208902d599b,,,,16,12
39b25954489041e3e698ca185c99ca93849ac888d68975fdac2f4a94047cb7c1f73adf4be2f4a028cd05a4e1a29261752448b20d2dc09d39540ca703be8be4fa,male_masculine,Australian English,twenties,17,12
39b5803ed72006f4076fec791a7413e0f6b93973dde936f7b09e2186cca5b3884e217f9bea7a5dbd5f981fda61c206333bd68fff580f3f872f4b6b0c8a011159,,,,54,12
3a11fb1d82c83a37961539606abb1110232049bcae24d40864acafa4c5dcce0ee790c7d22c3b8bf4013cdc4a8bae17ebdf6cc6ffa8cadd62ac8892ed1e50f7c3,,United States English,twenties,20,12
3a31e7a937329766cefb55fba2fc3a2ccdbb32cd7aca6368579e1d058e9002feb91e9e485e4d76c9e3224e06fb6307642630a2311ebb1115e7b70277ce576bda,male_masculine,England English,thirties,20,12
3a4228fd1f7614c4550485d454331fc488ff9d71d5c363080e7ef21e1ca55230f787a622c2932fb10d2f56b3e72e0363ded620f44d41021f6a85d8b9ec25b3e7,male_masculine,New Zealand English,thirties,30,12
3a8d53910365ffcac863a28ae327578601cca8f46b66ab2a76366d66eeb7d8a6aa14a9b33fabf1452a73ef372ad3be8607b37023254bdedbf82622c1a868c918,male_masculine,"India and South Asia (India, Pakistan, Sri Lanka)",twenties,15,12
3b60302c22b3580cd5336d4c8e25afeeffa4b44afce49f8f967f8c3fe4e7afcaeec899b6bec5438f77353816fba2c45cc2470dccde31ceed1c414ae52f31fab3,,,,15,12
3b6d38e7c6839eb4f49078153c10f1883bfd8f8971ab9d86657196bcd59d4ac356ff990d877dce266f19f7d3ccecb410524b89aea352ad74ebce3724436a83c2,female_feminine,Australian English,twenties,13,12
3ba950021af90f49e86b25625606d7764ccf3e661166eeec428a6f2264a1ff888011fbd2b5b4777050867c570fb79dde97c8d3617e88085c7244015dcfccbe4e,,,,20,12
3bc17351c38c39515b097e6f4aeea8855cc3a6e92a6931562797f93602d111c930bb4bf709a6005a94076dcab5ad03a4a33fb5fc42bf539c6ed1538b42abbf3b,,,,59,12
3bc5342b8c5299b7faff5cc40e2f1ac9fe7ed35b690b3181972e1ca1962d0dc499e0c673ece28e34a106212801e1a7d237a8e552cd2f720d3530dcb1a51bc8dd,female_feminine,"Southern African (South Africa, Zimbabwe, Namibia)",teens,14,12
3c0d9d6a3b88c93768a45f673941a03b112625587ce881d44fffec82fa33a69f4b57efb6b6882a8f8bff868d6f6ab7e850af4724dd394508b6e54d8262274bed,male_masculine,England English,thirties,32,12
3c14040daa5e26a8d12ca58efebd1533383a0e175c238a8002d9eb3e47f99a4db6c301698932df61fd82ae92852bf7237b7ac027164bdece69dc8367b18f10b7,,,,18,12
3c1c6cd2f1d2d14b599c3bc260b09a1e1a62961de05b1c01edcfa9f938e75c364d9def8c10ed4cccf12631e8ffb32ac15a4c18adc584ed9cd658a09e8fe710fc,male_masculine,Canadian English,thirties,12,12
3c8cb76160a003265462329c63f6809b3ee48f67bfdc235dca239e82598ad72105194babc1ea6a1afcb5232d5f0f8def35ee01d6835ab1dc67ec6d560ebfe503,male_masculine,,twenties,21,12
3cc5a08c631b4e90f8a5f35b02bba84c25d2813bd081b26fad4bbeff215dc29b9bca54c8bab9795353808eceea99e7b4de0fc6ead68027d63e10e54dc07f57e6,,,twenties,75,12
3d6cbb292b204368e0ce4cc295613a151d9246969f9a556c6a2277a349f80279fa29e56502f446cbada00c12ae7672f51f32b38c6fe2c989f465fcb0b90eee03,male_masculine,United States English,twenties,31,12
3d991a61b3e56ce4eb15b087913bd913b882bcff1630bf1dd235fb7deb36ebe53574d1706060d52bd2641ee53d5e5852ea24a5b1f229b49dc137d01223ee1829,male_masculine,England English,fourties,32,12
3da7e3447610e9e308ec373921d41f04ee61835573481962b13c2ba2dca8464266c4197a34bf85ec45e1e2d883e65b27f77bec864af68a1d082d48f56d2dd276,,Filipino,twenties,14,12
3db4d991b3de584e9bf5ebdaffba6dcc4aff31cc074b46bb3fd174a97ebb679be42e747df634081b3fda5aebdf5ee528ec08751b67f698bc6c9ad5fadfc60c76,female_feminine,England English,thirties,26,12
3df0fa3cfb67c01c13558a6508a7dc141a06ac9648b8861183d81f910610a3927d8a63fd208f9d36cc4aca0104f924694961d4ba708760f557a26fe4465907c5,,,,15,12
3df789eb6659356886bcd8590150de0c5c2d4285db1685b039033938dedaa1b1e361eb196e73eecb81c6917aaf1ea41fa16e3075ba14a457ab5b08b08d0cc0e2,female_feminine,United States English,thirties,17,12
3e221ed17d57feeb590b6db734ae530b91b452015671745dffcff6f1c38339203936c0029d0ec2a6da6a1ed27b53f026bacdfbdfe8ca22df6a5fa96526293d6f,,,,20,12
3e5726d12b07d988603df68fa5a2f7bfe9e05112f22f99973e95504ce4c2192192a0c91c2c05258016964fb946d46f6fa391d17195c022ca09fd42a9235d74b4,,,,16,12
3ebf9922255527d1c5a01508d3e3200a18a43663f6dec767bc5fd726c4d4c645e99580957d562c5996cb5f6745001fac4bd353595311b6080b07d0f92cfc9bf1,male_masculine,United States English,twenties,71,12
3f15e2fece31ee9305b7c1949128fad62cf72c2f4602217adaa39de119034476f3d567d6428b08fa5cded2f5220e8ec2908a86f35621a6825433b3393d59d942,female_feminine,England English,fifties,31,12
3f3d92676cd260ad75fffc17366f87283d4eeb4bd04a2978bb773c5f990a1360b6e58dfcc4784b7d4695ea214b3a022a986ac89d9added03313888e2afc99105,male_masculine,Australian English,teens,18,12
3f6b6371f7312ac797f5d02bf334e9b13ead1882e2e9958e0a766c835a40fc8236d150a219d214e4879b1713d00569d69293518868e735ef6e2e030b1def79d1,female_feminine,,twenties,14,12
40204ba8b760c62ef5118dc24e22119256a038a449365846f2d6ba9a8b982d026806a5aa77184349b68ec82ee1b07cc1114789ed9ec554434fb41b7f20dc34f2,male_masculine,United States English,thirties,15,12
409cd65d420a277b83b2021d2f9ed4086713d62a714661a851f13367f9ce3171b940f57dd4216f6c7e6f877ca02bb8d104475499592153735f1c91bd88960a56,male_masculine,United States English,fourties,13,12
40d9ed81ec9cd287017629cbe8e68a99eacec68020e3a2c66704303a2bb01780227746f4e4ee4fb3a85ece30e1a606ff1853b9466ba544d6fa9f8c7ba21d2079,female_feminine,United States English,sixties,20,12
41247cc40f3afb015902140682334ab09315267af1466571a41e6a35c2dc7589389ccf1d933097b586b57bf57b38298fad30fa5daeb5e2f85d1e14744666bfc1,,,,15,12
412883aa7bf829540d83b5d1560e65e87d0a5b2091d506c316c38848b3aa7a2ef88a6b53639ca928cdf5bbf6b81fae618515470f0f0b3ab495aaf65c06e983ce,,,,33,12
415181dd3f1c55f1a85159db41044b2670e5ac4617530d205779bb6e08330e8392382e184acd8f80747cc793c83bfccd696f12756d1bf729d7cc66e009cc819b,male_masculine,United States English,teens,22,12
41655d9d812e0caeff7683981ca3d3288cf2e837dd14902309cfc51d023e5d538fc30978d91af540cd122aed82a37b15cfd1d5e98f890118a23e3c925db5f9df,male_masculine,United States English,twenties,19,12
416dc03bdc0085ce8ea41524449ef5421eed43264a1c42a4fc14300111a73fbe13396d018c6972fa5ec859c678bb15e077675dc399e12f637812c624d6e993dc,female_feminine,"India and South Asia (India, Pakistan, Sri Lanka)",fourties,73,12
41a8056f9a379f859cd0e169f447778f00a2d5dd086ce6068a0ead6b6cc64d738a31d86c3bf74d70e3c6d362c4e588cb6d5c0f0e1fba8300d644a71697883861,female_feminine,"Southern African (South Africa, Zimbabwe, Namibia)",twenties,46,12
41ba83c1dbdc3a1617cfba964d4d9db44deadadedd3973e31123af52438d61e789b43b31ce2d2c64d8d574242ca6f04c24569358f1d18598d7c9dd65844c4bfc,male_masculine,,teens,12,12
42cb3e4d8f0344c445bca3370975e8ccbdcb17ccde6f74a4aaec5f8e9f36d709822d43a3cdf7b8743ac738d6c874960854e83f84bf0c67d6866bdb0db39d7216,male_masculine,United States English,fourties,12,12
42f818125142c5f761befd95128ad8abc4eb5766a2f2c281ac9fc07b6f3324105383f0296ce25868a1238ec4868612a54e29fc2bd17209a24c01a64c12810b73,male_masculine,"India and South Asia (India, Pakistan, Sri Lanka)",twenties,15,12
4302eabb69f8a7f311c1e7d673f452a926d9435407799410c383e1fa4e11535eed7dff7626d420d7a54cb5a77104300a94cb9acf04631a9a5626925829be2ec5,male_masculine,England English,fifties,18,12
4311ac2c9248c11f2c6a52cd2a2b3f7541c3058634ec391e4195c707bcfd2983f577468c8955ca622540e3c13a7a866839a8c84278e97eb2530e789a162231e9,male_masculine,Australian English,fourties,62,12
432e6bea731f7d683033f28f8609904bc5b383f1033ca12119dc787e14910da11f0994592a7e9ebf9ac1b832eefa587488d4289d786e11d79c5fb13f44f4ce13,,,,13,12
434b68ce6f25da713e5d5d2e2cf4f588b878d18d1580abb93b86078886b6d995423a2f522a545948d2c0b3d6e9c33f498bf60dbff1153cf6a6143d85be49cbd4,male_masculine,United States English,thirties,21,12
4357beb8693ec15761731c02972e40af80696b094110269c970e559e0a9e861a0f10c06933ac80e8940b990c27964a964a02789b39422bdec03b8f0f5e64764e,male_masculine,"India and South Asia (India, Pakistan, Sri Lanka)",twenties,15,12
4389a887e6409a9de4e717cc1843591b584e048cd22a3d17cad3cab7fbbae9c90c3df28e8037d7158a17c942368b6a50606b8c6fa4d3f4863307d4f1ab04fd26,male_masculine,United States English,thirties,25,12
43ccf9f4dce9e8a86359088edc0a6ad414149544108d0808cdc9202df371b2b86d161e18e04a894f22c07b77f99de3869f3982eb5f23d03d31efb261e49da923,female_feminine,,twenties,61,12
44184f9dda2c364dcec98c57292917a3b8f60b3416f7b921f12e0f6fa0162476eac2378de5cdb0968692e34b99c9b922f279e15d10c6383fb0363970ce38fcc8,male_masculine,United States English,fourties,21,12
444d0fa7d140a61fbb031de7af88504ded7c0998fa41e015ce8afdbbf6f7e91c03cd2b9a14b7cf50cc1b270d59f1b76cbe4618b10a3a6e09f90280124cbd1655,male_masculine,England English,teens,22,12
444f2724cb023cafdcf5d2fb7ce6dc54356b23baaa77046030b534c8fae75f1fdbcd02c8a59953b0f43ba1f34b4aebf91132c9248cb9caf32abc58430ae377a4,male_masculine,Australian English,thirties,51,12
4459d380d2a931d0968adfb73d7596ef969b47097e246611c7c17e987ea568b8457a26964ce11f99ce95e18ca8c8579365a4acb098e48b8d560d4935e96709e0,male_masculine,"India and South Asia (India, Pakistan, Sri Lanka)",twenties,20,12
44711279d3657011188489d1668b9d08c29b5bfa649bf5a3aba4fb9c84f82469f4696165850b9404ecd26bf8c7dabfde8c67f140cdefc687dc1c15834ab543b3,male_masculine,United States English,twenties,18,12
449e47b69e3ece6b29d2c53e1607d1afdf24a31742e3e6b61137f11867161e2bc28c1a63645a1328f869b5f3cf1817cff19866f8052269ce65d3d23320d18569,male_masculine,United States English,twenties,21,12
44a775a2292181986e9cc35d5c1b6e3577ef93d5b9dc0c8052a85aa92b08a0fcd73e54d4b6c500fb141d5e2dea4cb9e4108029d64acccc9118a99a7dfed99224,male_masculine,Australian English,fourties,19,12
44b856fd289c76b4434038277a8c4f70f871db52c37a2e3d1aa92233feb1704bcd0773f4a9f618b1778a5adb1b8a0eecf2b474082c4de818e6928c20161a62ea,male_masculine,"India and South Asia (India, Pakistan, Sri Lanka)",twenties,39,12
44f3b77a58acdcbbb5484626f23a4b2e6cb3d493bfe467a8bbe28e8dc04e3e52ce539989184c8098b8a3117b4c3f25042ea7b195d68b1a204b6325646c55d224,,,,14,12
450cce2c74362067e66e41d27ec6f603c2f7d2f603306da73e3504e418468f7838e91550ad677ed4a05eb99698026db0a6f464184224e5f3ed53614a66ed64b4,female_feminine,United States English,twenties,26,12
453b57ee7331a62b4ee9f96aed6a45cfa1277a96660735d8e9282990c9210a8e3fe00cc51e82912d3490b65d47f87b7fb7025547b1c0b5e6543b6edc799b5d16,male_masculine,,twenties,18,12
456085d6db9b4d9189a8a9abfeb22d80368a7f26ff9bb86b526d8ed86247f1341bbbdbb9311643fdae5e0dbf62a6f517d2f6c1a5f9fd8bf93931ee00fb750820,female_feminine,United States English,sixties,31,12
458968a82dc9b66d5f79072045f31daf2b8f454fe3d5820ce9d213beafef2f9974f4ec87f3e84faba0699dd7837ec339f0e93f545b68c7a7ffe7c6e43c786e7d,,,,13,12
4591d904283256d081da48158dc1c57be862e4d6b3f3062a063fb55442a5318c49abe6931c793d94940c6b964d7c9d9b73f33f0251141f3b32a611c6c74de929,male_masculine,United States English,eighties,16,12
45acba30df55b96c38c068fb1dee07547cc851b367b448349d64b9bb644134a4f0a243f38f7a4944d7b161e048fe7a596617e10e154397f4c197ebdb43e7bd95,,,,42,12
45d190b7e0513aa52c41faa8fb430f541fc19d49faededb03c0466760697eba8d65c6b6e65fa212d0445f6ff92b19b790c89d2e6810f067f2fff373f5d7e08ff,male_masculine,,twenties,20,12
45dd8e770aef0c93838006a95fb062d765fcfe326537a55af78c7a6b3ff17ca050b3c85c16740700f4428cf441dc3983729d65c95d74519e16541cb79795f2d5,male_masculine,Australian English,fourties,18,12
45f21028ba7507b4cf4c3e068ff1534b88d7823166f79313c1d61b7dc3355ae1173c0bfb82add3f3d6ce2eb55badef82da1750eb32460ab2cb74cb5b6092e9e0,male_masculine,United States English,thirties,13,12
460f083232b6a072763c87a2cad3a3af13e2575cb929b206d77513d78e6f271e22e09a3bc52c0685f5b347880e4505db1b5207d0018be32ca35cfa990103164a,,,,16,12
46239fd517bcf59e455a2be376660419c23e0731cf82cb5d84a9f85f8f6b4eb4187b8b0832f6e54b9beebeb4bcde62eb7f843908758ea91c65158a7c8cfdddd2,male_masculine,United States English,twenties,13,12
46369e01baf2553b6269322ed95fc7afe1865c88e5f462390a20e35e6af12cc97960c4874ecda585cb422e132fee3f04da4f91fa41175b3b36d9bc7d7033edf1,male_masculine,"India and South Asia (India, Pakistan, Sri Lanka)",thirties,30,12
4638c9b4e22b8ba91a9a5d2e3906748f55c17e2b8474148e16177b4634987ceec72f9151af9825bdc3de2c0b9d3a542f849bc8960cd43b5bb8bcd141100dfacb,female_feminine,Canadian English,twenties,42,12
468d6a3b83f807ed964c180ed893ac7c39f9ea1860213261ed075ce3f8c1403d77bc8157c3ab2548bfbc7885be878a423b004a77cf28a7289421937952069126,male_masculine,England English,twenties,275,12
46aec8cd216e7a8415ce975e03fcb788a571e3107d064d0af64437c98d115bff18736e576e96675228b53894012aa7943a2bc6983e7761edbc8932a83e73a35e,female_feminine,United States English,twenties,17,12
46ceb53912b31b2fd62dbab07d0eb42d6552d95160d3109cc0fb528fb7bfa274ef22805a02efbf62e982950a1ecd7cf7701237341e1a900be065e160d272ecdc,male_masculine,United States English,teens,14,12
46e325bc549826f452d9237b7922e49f3fc6009e90c3b73527022ffe70031fcad33607f6bceba2bdccf6a05a9d2528fb84185debe5a338c0acbfba35785e26ee,female_feminine,"India and South Asia (India, Pakistan, Sri Lanka)",twenties,22,12
47c3ee83b46d5e4a304b9e08c089d29214c4c331c7ec0ed04086e4e4a6ca5a13873a1a3b001272fa1c636f6e28dd1345e511ddd7bb6c3fcae83fc2bf06a03ddf,,,,38,12
47d7f8488de75120f36b7a51cd158726e2deeaac0e9d4f4db0788c69e316c4e5dff042a82d19c687ded276fd1ae5986cddcb9c7ef1d1706e44fceff9754df0ba,male_masculine,United States English,twenties,14,12
47f65256d522f80c3b343548b5b4fdc15cf455a2142c3c5f5c4503638fe33972144087db6b467ebe1e0202f07d40e9762bf48b98e82b01e4d2646aa26a16558d,male_masculine,"India and South Asia (India, Pakistan, Sri Lanka)",thirties,13,12
48004dbf769cbf66e61ec1974312e9d3ba55cbc4ddbd9a9f6eefb5d342db6c3aa59fed250a366abcbba205548427c047563e993176683dc50bc150b74d061b48,male_masculine,United States English,twenties,17,12
483518b7d9669659c0bdf5ead2388c590f85a56fff5b65c16e985c5524e5b199729c03ecf6771c3d9d42a9e7138a96b3c0088ec39f5eb369244e54529407ad4c,male_masculine,England English,teens,14,12
483ea02dad41028e327f5eb09a79faaa2f38eccad6b6ef087abc2bf002f2f9c09754dd229edb57b9a2c35c5285f5079c270b1779ebc0829759912f853aeddba9,male_masculine,United States English,thirties,14,12
48528338442073e08f7886e133be1f7f773562a5c0257c0f3c33e19edf5de29dcefe46b9a0e497820295177ae021e53c9518185178f98612c169580ff3a07084,male_masculine,United States English,twenties,20,12
486c6454bd59347a1c6d59ec09f0c62058a0c3d6d1b10ad475b060cf8ceffe4393af760027fd493d38da17c5d1242c34be532040e49d96a9c502b8c3e7cad4ba,,,,16,12
4875a5fc17c3936321a179429a287bc6971775f7f8b5d2fc4cdc8c41127630df834c7c17d0fadc0f1edaddd613e3ba72a6210204569770f02199369b4748b669,female_feminine,United States English,fifties,36,12
4895292db4dc4b952d4fbddf3891211dd41e01a23de39b8634a2761dbe0f49485faa09e8d2fd53fbe4993454f9c4d45330f2c6f7b1707d11ccfdc89f92dba999,female_feminine,"India and South Asia (India, Pakistan, Sri Lanka)",twenties,14,12
48c10f3b1f798d1119266ccb6945e0aaa089f454e3b11e4d3b147029f0d68da89d305ed98ef451568cbff7432726a60dbf44341e84c563c76ab748583350e498,,,,19,12
4900e35fa0e8de5a22649124e4a14455c05b325da80a35397e734043818e1f06397122d9e1423885de445398c8f0e1aac6e95c6ff8153f01c77e1f6ac2a8cc27,,,,24,12
493ebbbb9c7e3b6d3f0ae40c703b3e9469fc09b16b4f4da3a3e61e6203aa4066f02a3eab9e3af48743ebcaa9b272a76252fababd6b9a788bdb1e50ff29d560f6,female_feminine,,twenties,20,12
494f8ff085fe2b3ce4fbdb353ff85edc83f07201b8197fbf63cf20a912303ad22cd2c0f9a11bc9d86a0d5d9bc33064624806bf605fe2c36f05d0c13e102c3edd,male_masculine,United States English,twenties,16,12
49518b0d6dc530fcb03351c761b8b69aba18a29400ec4510ccfc214f1905114cc6fb992128c51bbba73e54db9cb9e534446ebc5f27748ea922d1913e0635ac2e,male_masculine,United States English,thirties,135,12
49678ba751f56ea097e59977d6d78122cf02cf864ac1f68accb56b518afba5191d012d3c5d3dff731e7b33b4378da40dbba18b389b1bdf9d1613aff104210d50,male_masculine,England English,fourties,17,12
498358dde158a9aa778a4b7c438b374197e0b249d6d6cf782030c121694a306f5519235d8d286cd0266ea860a5d7608681a80c4e9129823f8c30f8df9e4931f1,,,,36,12
4992481727517f6467702cb336e6c83956aa14f5746743dd3e77248208af37cdfff1bf4e46090ba011cf4b31af326298b298cdae76ceeee5891671a173e61aff,female_feminine,United States English,thirties,30,12
4a207cbff17438de87a2d82fb992fee9db6ed4b256156c17d342a0ee5e8830d6944fcc6dbd90b53061c7aee09d91c529f82ebcd912f305052dda1a5ac99fa679,,United States English,,16,12
4a4e4a24326b8112dc1770c72a4e7334e5debd0096daee6dbaf67f50c410d5f9fce3f7bdd767db89328c95ccd92deae875a47ccfb2ff71088596cab91b87d419,male_masculine,,fourties,12,12
4aa0be43c14e92a86ef3b2bccdb06036a0b35e3773f5b27f0b2cc23d635d28d8fe54c777f4c2913302a9134db013aa99e404cbdd366c5b4d34ad7734d00724d8,male_masculine,United States English,twenties,18,12
4ab7df78b3d2b0844d1dcfff072e07a5bbd6df4b398201eba371af4071c82c95e74f6128e2e3693d0a6bcd549f65ced59bdd8c8171b13d961f0abe94ee9d1f41,,,,12,12
4b38682ffcf05399a681bc34dff9b19f893ffdf2e3dcfb1e690dc48be021b6a0cb316284f9b67a8fb56a5d88c6fb9839ca4f4220550c237bd5c35ffd1d981fb5,male_masculine,,teens,17,12
4b40c94beef04bf87683f965d3043e53efd9c9a4e9ee94c65b09710ed2847f6f1d0b4a2c105458d48e0c5db1ca44647c214980b1d586ff9d484de390933e2a67,female_feminine,England English,twenties,14,12
4b799abf92c31baa92fca19e06663270ce8c3308fe5042b96a8601530ae4b8983765d0936e7f00606d80e769d31a19fe33a9761260f6ec9d0b90850b9c1ff6c6,male_masculine,,thirties,41,12
4bf6a8447c3ff99dfd903adf11f2bcbd514fed0b77f26f4f616ada44fb86fbfa997a1540d148fb84a4dcb156451938398b05c74b838cb7988a5ed4813e08d059,male_masculine,Australian English,fourties,66,12
4c0b68ba80c733ef168d4af01b46d4129d43e878835fb940e871a0cda56975bbfc9ccb82e899d79f3a1d079d1e7a17f2cf0921eb6a9585cd36a24a392c10e291,male_masculine,,fourties,16,12
4c1b19a0816c8ce498834c731e33037949823065c7ecd5bb2e06a573d423b27a224091a797421af375c155cb27d79b2dfb4e6bec77af24f19e8d0711b1edaffe,male_masculine,England English,twenties,13,12
4c407a51103a79d22a55ba3047ed5e1353ad666e3ed14df8998c75b7acdb1f335f7d77fd6526cc6950c5ebfc5dc998cb784dbba2b28556c81056e842ca8f0758,male_masculine,,twenties,37,12
4c946f553c704abd727b3818b1d22dba011a368043575278b58ae219f71cb8914e6cac82abe55d7da17f49bea4cceb3b96c17355a6f5b078c19a947defb9061c,male_masculine,United States English,twenties,13,12
4c9c8cbd6e079193d65a7e04f31a0dfae0fb5fd58f2b35b91d31ff6046028276d41e47650626d0b2c99b8d894414ae68c495d346c9c260d0dc6b14b9cfe7298c,,United States English,thirties,58,12
4c9eebd83320f4061c576e1c84b6d85c7bcc5c0f33a9bd88f16a74940126f8263db27ca0b61707c009e112df7201daddafbb7235e4ac82c05e176e80344217e8,male_masculine,United States English,twenties,19,12
4cbced96a01d967939d63d4d35b3068a70aabb0dcc567b6ca56dd19405156ea9e0888fd2fc7cee4eb2628da36aee497848a19ef87671e5b9275744d2ff844372,female_feminine,Filipino,twenties,30,12
4d98989ac8c80bac49c7f0bbc20c7b91ff4f2a33219c3dd46d3939d8cd852800ab7d38e287786ab88e46d69856f5937c03ea3d5937c28a4fac497cc2e5f65a28,male_masculine,,twenties,40,12
4dcbcad4784e1ed4ac8b4ff5041d6563a4715c625ebbbc049b4ad77c30bf8cb977caf1642d910741d6ec38dcec1b7595f3d78b0e0e6910180e33e8df9354fc9c,female_feminine,,twenties,12,12
4de4d5c48347e463842ec58420166744aef3bdbd94da13bfc16bd4a3330ebf4a4b5b7606920c27349b7132db50a318637437457a61ba4910b8fa72c54b3f4cce,male_masculine,,thirties,24,12
4df3d539d7a133f8c0b6bda95b798859f9f4e9f7922344d502a9799ce190d8aaa3eff1114badf105b3bf5b3798e8ed8ebee60b263fcc427751a0b323904ccb8a,,,,12,12
4e8ecff6a0e4218f897116e9abd918d929c75dd261e65ea67253c5e2f61dd7f6f857bc0998baca9df05bce828bd7935d4895a636ce74aa6b5d08ec928cc3cf52,male_masculine,England English,thirties,21,12
4ee06352238f3271984b2617d0b21542e5b53832a3a3c72fc734639aa0fd35f3f6a6a119b9321d40a849042a29c6f540ea3c9a1ef2c66b05a931f983c75ec30e,male_masculine,Canadian English,teens,30,12
4f56674c81858e0d7a0bcf41ceed2dcfc507c35425521325a183ca6fdce776fc83435600de41c3a13e6183377b31b652bd8a3985189eef864b8f01ea9dd1710a,,,teens,13,12
4fd617de575d99e7dcc9ad8fb2c5502b7c42bbc7a2b26d433cb1f019e044d4ad4ac5040a9ccf9b46c031a996a40f00e0b7499686be6a5da55a95e1ed27f42a99,male_masculine,,thirties,42,12
5010b63eacf8b5e53da43a53c40df713e3fb16b994fea8f231b1d4f1b4a04e62feda49377578d60be46e0f049e719bcabbd4255091285f101641f66bcece2321,male_masculine,England English,twenties,13,12
50541b1b94b8f2c379d47b9defce35ec20c8eea9366807c4e55b4842553a13c999ce10fe37fbde7af07a62446125e5ce8600584a0653f3a0b1b55bd12650f930,female_feminine,,twenties,12,12
505d3052b731e49ad6c4f40931ba42bff7a9046b894c676803a4044fead6272d3340ac3ea1fdf441cfed2fc4b1c81b85bd1fab484d7d9d86357b0affbd0739ee,male_masculine,United States English,teens,32,12
50756554519563411e77bf15f3c85f2e15e134aecf1204a6655936c05fd9450baddb7b83c44897373c4caea7541d96d29b1556a97381d198cbcdb00fb9149d51,female_feminine,"United States English,England English",teens,23,12
507fa53b98b23a3961f4b8b8b5c5e595344fb7da14de0b2af1bf21c05ba888c416133aff35ab4dbe66c9a4033598544193ebe7e08b89189d3a37e951636288aa,male_masculine,Australian English,twenties,26,12
509e3f7b9360a7e857f2190487f812855cc64f2776ff3802c108b9b2f7ef90f075183f297b84bad64d8a6958766e1b965ebf2741c1f1aa933502acd5f2d33e8c,male_masculine,polish,teens,25,12
50a3974c5ad2d08c1b064c761f39a0065d1d1a6b686e9723b24b9eccec71d13762b8d5807215cb8fb5e7c6a27efe6b7f038e962f32b4a24ab07d8f0feb0a2807,female_feminine,United States English,teens,14,12
50b7e72cea733fc1dfa54d8e33c3f13309755ca75eb17cf6b797c475274b3d0b54dd0a8ff61c261849a770e023957f4bad823e748fd32e350650716fc133e1b4,male_masculine,United States English,thirties,40,12
50defefa0aac8287e21d9316f073029371516790fe0af3ae00f7d07bff888fdb7131a9235a29de809bb67da2ede8ffcef4e4af45eaa5aa235b986805a38e1cf3,female_feminine,United States English,teens,20,12
50e2a14fec779b81bf1ace469e2c351afb6fe78c87dceec999138ed220fac30006cefc5e63252683c5b3ac5df27d3861d31066f8ac4dc294d8b1c12a35c2fa8a,male_masculine,Nepali,twenties,29,12
511699dc7cbdbfe0282440033570d185e8d66cef7dec8f0e95372b42261e036dcff3dac357560d0534c7672e01ea33d949cf51f2b8a136472d6b1b12eb493db2,male_masculine,,thirties,13,12
51737fe821932a1f9e4aa7b594d2e26412a8d3b1ab7a16ed6be8f9f1938ca7ca24508451b7e29f41a92a77cf8b1f508c37f8a3097e75e0f7c4e25f5d38c29076,female_feminine,,twenties,17,12
51ae2e4ecebfbdb236491db52e25b96087597f8ca020bafd60c6fa1e2909feed88c5e3d5d38fe2138697e01e31df6e7e8ccd44b7649cc430141500db046f72e4,,,,20,12
51b2771333aee3c5b1f25421377564e5ea17337c6c9f2155bfba6aabe7e25871354490f65b9daafb4195c3e6e32f61df398b92cf2da8a475ba38e5b3bacb6096,male_masculine,"India and South Asia (India, Pakistan, Sri Lanka)",thirties,63,12
51d899caf0eb029af862d6f8a3248ded3f0ffb2787f7138f7b55dc802f01e338c2bac905cb7d94ac0db6b0af379b0a5d6b3a97da3e04dcb0e9cf790dc1b33e9e,female_feminine,United States English,twenties,13,12
51f67439a26da3caed47b6fc5595616e09daf322cf649d9a3910e5f290672658a387837dbb5c4df4bf1b733b16005697968eee50016bc521f9086894ea57c3ad,male_masculine,Canadian English,teens,13,12
51f6d7bfd151230e24824202b404431812c5e0fa839eb11277f1d3b92c73f30bed0f8d6d69e4529994a39840104024c64bf5823f9eda7c99141ab80d2dee34a4,male_masculine,Irish English,thirties,69,12
529e3646bee874bc9ebb2f3775fe47682e77b53ee7217b430ff64bc966d816132f2003a2ee0151123f8ebf13c6116ee90aad9eee630245ac22251d6e961fb31c,male_masculine,United States English,,21,12
52ad31c714f9ed0625b505780fc571c793a75025ef6c9fa98383ef563480c2708d1bef49ed37c392e708f067125e128088d24189bafd6dea7a31793ce1e7b5d2,male_masculine,United States English,twenties,20,12
52c3ebcd2f794abf839e26354a42f5739fe7b0e7ba4641fae5cce5708143873d2f5b181115765a03fb3c168f4f7102f755bdf32431b1e0d041a299a80154e30f,male_masculine,United States English,twenties,19,12
52f9c9972e0b3002e99e6b455046e526c482b62e2eb6c732e9d6cd8b13de77fb7a3104c22e6c4a40195ff82f44f9237bfb4589e4c58bfefa6de08500f94ebd18,male_masculine,Australian English,twenties,12,12
531332f93f3675b4c14b8a550f6021ac42ef8b6f9bbfe232fef3004a3144a8aff262569a688a2851ee1e8616e36f7a6062d0b7bf8cfb1b84489a7bcd6bd9adf5,male_masculine,Australian English,thirties,17,12
5330e1f8a39f35ef2d02f059b5c2a0f98381736f315dc02464a1ce0992c9ccccac59f0af9ccbe6e28b290c40f2789b6a7a74bb34a7e8663e25a837d343808a87,female_feminine,England English,fourties,19,12
535810f407b6c7dd1a8a967fd604a3dc88418ae5c9bfd71656c0d14e3247f1484e2c980ae764aedd659b61e1d1d462c00c430af253f87c1f47fe0e60bfd7b0d9,male_masculine,,fifties,52,12
5384c78ab1e314bed9167e12b3922c2b4c2b917c9361ba35f30f3630cca64be9ae2570fc2766c78440ec1ec4a43df12cbfa897dcbe5a779c4ad0808e463b5ebc,male_masculine,United States English,thirties,17,12
5389ab8966c52636144e273d7bf0c931ade61c883d7ee5946705f528587e2bb9e8274357ab323555b5b3ad4597bb4fe3da409c4d48540366e89ab77882af236c,,,,13,12
5398f3635b34997e3d77f42760aeb205bba05ed8a73d973bbd410fc27ec09768d0087dec9499580cf527ef3d2e4c3a72085096b891b5849482a0fed366679c8b,male_masculine,United States English,fourties,13,12
53cdaa3b5002c77a2d9b0cb7fc1bcb6f82ebffd2ad8e90f32600ca6a009b83b52d0a937c986fdee66d80fdfd2309d5551f8e4920e997f99dad64515dfc3cdb2c,male_masculine,England English,twenties,17,12
53f3a1ababf2543e3f79739434893c64e1f5bb3e94c1f3e8d053ed7650183182a922f2959399ac2ac3827c824b225074ed237b465bdbc65c79edc92fe8e6ee61,male_masculine,,twenties,18,12
5419bb25f9448038a625fe6cbd3420ffc7ef5ecb8dece5b06ed7b0ded72d23ef332d6c7f568311b004799c24705b2ddd5430e29a11e1ecf58bdb2ad75b5efb73,male_masculine,"India and South Asia (India, Pakistan, Sri Lanka)",twenties,15,12
541e1ac0f68a705793e0b9a7a80777a982a887702dd49a51b692f43922fa9c0a355876d477b591893ae2577969fa65d1c5f4d8bf6cb2eaeb1afcf810d74fbe87,male_masculine,,thirties,27,12
5435f6233d118fe3e51220e60d28f64d4b4803c1339f5635aa82da94820fdbb0eeaf359c287b9e730a54cb177eae25d57b731b05c60951fce34c7673c990b30a,,,,12,12
54530c97e7799cc3f9da18bf6bf60ae8e43a27a8a8218ea52ea920eda7c9aeb929695a51f626122b93e67c418947aca373754ce1d0adc6bc40cb5c59db1d8322,male_masculine,Canadian English,twenties,39,12
5461a73c9672692838c0cc8343061df8521eac0102874564f43a8aa7e27e276e9f687cb1205aeee34960edb896169e6d215d88f572b9c637d5cc16c34bd523bf,,,,13,12
54874a34be236c92f5975d948ece28f870ead92a789e6bcdcc76c5ad31b431073c3be3892cfd47a0613c64cf1dbc331d803ec0e2624975ddb4585df3d305a5a7,,,,14,12
54b86c65535062a6587f9aaf4e0634701bf6160c31835a6cfde752e40e11598f0e270491e9df86e0c48f5f01414ca3695b012b0028ca888f1438be7b0be6312a,male_masculine,Canadian English,thirties,21,12
54dc820077b05bf576973afed1f32e6af12c378296b118c651a9e42efdbddac8ddeb0604771e9034aea18ea46f907d253ef8ca45e6d51eb6d3e4e1c56dd4bf4b,female_feminine,United States English,twenties,105,12
55059aaa3ae7bab6ff1f1cb38ff963ec9acf2292b465e39c3390523edb154c5c745a558e15ca86b3d281b520433a953d31036a3a91af9369633d7db9dd3c8077,male_masculine,"India and South Asia (India, Pakistan, Sri Lanka)",twenties,29,12
5506a0ac6b862d5ba2cb1b1f0bb4a388444ef7b1d87221352f93b2d692802d6667215fcb95ff0f85d847d007cbf247aff03857f17202baa56d64715cfe63bad3,male_masculine,East African Khoja,twenties,25,12
551d5ea36eb46269c7a7710255ff0cab38e68cd8360ad3d7b3c566e71573c778819d6d1161422130875f138f6caf9bf7e29c972fbf0bf5352ab63029a7dce8f7,male_masculine,"India and South Asia (India, Pakistan, Sri Lanka)",twenties,22,12
552a4bd8aa5c2466c0f25308a1755d898a5bcec9521f32d88700d186208541f23a37fc6c82283020a9ecba55137f751fe8f6a8035ec3a4e5b78442ba8c3c2676,male_masculine,United States English,twenties,12,12
55496897e518bda03ffd6563026189db33465abff1f49176e8e1acdf169994a175db79cdbf4e61587708c0f65d9699a33f5622024466e29a8df2abfb455d907c,male_masculine,Canadian English,thirties,12,12
5560ae0e93452df2f8353dd42742da027f402a9d1142eff76ee3fb4499c137d360da4b0283da3eb997753c8931ad5371fa004291735f9969aaf4dfb893f11cd3,male_masculine,England English,twenties,69,12
55ab02603c98973e49eff7adbd8a3cec9e0fcdae944edb3c13c193ffcfff3126bbb5dcb19bd905d327e4fdbee469094b8666edc4db3376034a568a004022c504,male_masculine,"United States English,South Texas,Slightly effeminate,Conversational",twenties,13,12
55e8921a6b0968107dcc6bad3e7cd2ab74b27ad0520581ce27448447a99607efd5832e2c5e81b00e15cd83db794f5f95160ef26013d6b647c7eb9737d7b78301,male_masculine,United States English,thirties,41,12
56025f59d8a91d0c05f223e4de1e75c32ad7d5faf6ba08b721992366fb085b676173b98d246d3c1519600b3758fde06f4515023c066cd5a7aa9ae905079240be,male_masculine,,thirties,12,12
561295976185e3f91394024edef92e0563edcc978992616feb591eeee81d9b2cd0b96e5be4eab62faa5dffab1b0ab25a37fc6b2a9f7080c0e1451e7220f62e1a,female_feminine,,twenties,13,12
5660bcaebb43b62285dc67ed7c50f5f09fa7bbdcf2a9d8ece18d0c24913ad258e7706e4767d635c90a0e186e4d267f2fb84eb2ed3c3fe0d60fe9e19370d4b00d,female_feminine,Australian English,thirties,57,12
56ef6218bdd27655fae9f85f0a18b0cc608586fd0a9709f20dd5f6a4b3ad55d078fa858ae7858359709a699813eaad85527749d9d03639f00fcd2251ef60af96,male_masculine,United States English,fourties,15,12
5768cbb92b87c5172453df7b0076a5c0c6a6c7aa3551e6a9f1fd721a6c582b6560cd57b1cafc691b08180ee69afbf539710f1a52b30bafe0c98f4d74fc37146b,male_masculine,United States English,twenties,47,12
57ce2620f300179d00e613aa3d1d8b0694cea6d8582b374c4f459af7fa13614724b28a451e25a7b9d1ac9de806f39a189682025a06a597b5cac6b798d0538d17,male_masculine,,twenties,17,12
57d9be2eeda5fbaad0290c45f4e95813da95e09633d5fd84df35a758151788abec644a351cdf610c7b792561d1db0ac6f122dbc94404646941967bd6f0befd44,female_feminine,,sixties,664,12
57df887fa1313ebea6ceda18f79ec5a3ab6366113bc086bd31c1c7753355ca55cea77bde6833d87dba9733efeb29dc3655585fd36933f1c1007dcfc58f6f9ea0,male_masculine,,thirties,14,12
57f1cfcace7ec6a60f31553deaa2490a871cc6abdc0478cf75a0a7ddd3a4107e1c706a2baf589b29f2500301fcf57c20fee0d19739833f0abf283da81385d5dd,male_masculine,England English,fifties,13,12
5824eaa9cb7282e7e539b9a5ec586529f30e570d22e5c5fdb3ddec100d66b061ae6621e90395c4bf01bbca520c4988a9e589f8696e37c0d6500db4554eb285a6,male_masculine,United States English,teens,15,12
5872d18c2bfff562b7f4d461429edd4eb185ce4e8096700db328c0df9a50c21dbcd24f123b796f0cc0d1efb29a4e96e4255415ee92bfc6532b6ce8a58d6781ca,male_masculine,United States English,twenties,12,12
5887c3140ddae1acd6d0faa80a106766048975e1605c59eff7d3a89c3a168f1a643e8f9dbb63fcebb57ac78b2c1cde9a6e174b27a80c5003f7cb8233283f6c1f,male_masculine,England English,twenties,24,12
588db62e2c7c4e7b84dac24a2903b931863d49ec07bb920e1bb7cbef3ac27d41aee873d45572f8dc7d074151d92c823421d28f5109d0e88bfb711da45ca76afc,male_masculine,United States English,twenties,14,12
58b088e69f143848c76270a6dd803d9311f495833d24ac8778e061c18571dc36deaef43d70b3274fb9996bb79d658976179be8f15622b9dcf0874eeefd977206,male_masculine,Irish English,sixties,28,12
58b4268ecf2a1408be0a9f01717bb46f086717cc65849c7edc92e4f6d9102c37dc08c67f33cc4fcb7da7adc79c1a1a7af3aacc6aa0089c14382680e916d7742c,,,,16,12
58b821fcb14ab7660108c0c00d475839db78bf19939dba2ea0b5a5e933fa7688537966707b0c2973a65b7a89089299ab8140eec63ca9a4c5f169e67087ff27dc,male_masculine,United States English,twenties,36,12
593038b627d4b5dbe5211dd8a299347c09433f6b0eb249092a176cf301518638bca743cbf6bc03a72b919616348519c57afadae021e5b7048aa937f72cfb3114,,,,50,12
59480438402ee9da6aa819c7f2a46c26316c6deba59a1e512846341d3e7a9ef5575eb5a210c9792155c90c65953a7092ce786c9f6c1f69b3eb8a0bba6919862a,male_masculine,United States English,thirties,73,12
5975987d44274cba008a325627d6303ada3577a68838f2e8041d265d43675242731f5956d778eb81c805d1ba28131c9e4014b351684cbde4af32e80cc7d0c7fa,female_feminine,United States English,twenties,19,12
599eed1dc20e283865eed0e9e4eadd9b0b0e8c178c294056d738047047aca43b0c037320666d0a132cf0750736a8053e99789416969b13ac3fa3bf992884c3bc,male_masculine,United States English,thirties,25,12
59d350f6575fbc9ad7ed5bea5a9b7c63dea9c56671a1d45309d049b73c74cbb97f715adebb5226b25cad6dacef282e31e24606dded30615588f3f96f79b5cb0d,male_masculine,United States English,twenties,52,12
5a5c462b583ae4198241e19901cfea4cb1f73905969357f9e2dced0fcae858e5441b69a721eefc00b66ca28f666d76c7b0db86da88d68cf727e9da98c50a1fcd,male_masculine,,twenties,52,12
5a9bf23d2c4ece18fa5cb67a6dcdce2cdd94eee9aec05239cfc5905a8a2c844ea99b91b9d3e86c78ceab5bafdeec1a325e5b3fb5872d631b984f1fb13bc5e747,male_masculine,New Zealand English,thirties,16,12
5aec6db3c1b5aa39ed2a8700aa0a8e23912159a1053948c8372a124fad62b2dcf00f89dfd403bdcb12d8dcc74e584b035ef5028fbb8fe6da950ca616cc406ce7,female_feminine,,twenties,83,12
5b059601916f5888a76269ff5be04ba121f50497d5cc48c58702329f1bb9471520e0a93bb311ec8f813f9649c821791ed26ee17f09769bfeaa8d8ac69be1e106,female_feminine,,sixties,15,12
5b2598c72d28d48b6dff95294e99c03a638466499813ace548cd2853c7c2af4029df832cb6e971181758390168d1b9c88a323d840d0029074db0ba8099df3522,female_feminine,United States English,seventies,12,12
5b3242b9a2c729676af76f3441723b0adc3e2f8bcdcda9ed773c5564e9e1d9551910d21b022a55d4b92f02bc79a1d5fb9ced589a83091b6614b2d6814dc19b59,female_feminine,United States English,thirties,19,12
5b330c179a0e8a5040a9dfcd874f9a7a18d3c703996599a04823b8b9246fed0f719b7d797b5dc03a600b5772d14ffabcb0c3966c19c8e98ca7650f22509fbcf4,male_masculine,England English,thirties,22,12
5b473e799924717a52ba41706f276c1a3c94b2c497cc49a8b796c60126773a4692cab791d57883f48067a313a1435f84f8154caed071706959742a448d1023ef,male_masculine,Canadian English,twenties,18,12
5b571c91829ad913a11c854cb34932d753aea3490bb7953d4fb1cccdde41051838e5cadc838fc77fbd08fce6688c07140e6ff56d99c01a82a4486ab8a18751e2,female_feminine,England English,teens,14,12
5b6da28793f5d084ab55a3ba94aa903ec2d6d406d8fbeebb1c3abedf76dfd98d5a98aeef62cffd555832dbaff979f736e31e4861213aedaf6a1e7e4b361cccb8,male_masculine,England English,seventies,32,12
5b7836228c5552c54f96c66024d96657de8cc343d7531bdef5b5a3776610c1f532638bcd5e829cc6749b1ba23d989a5fae2095bd8801d63781dadbf1d62cb2ae,,,,16,12
5b9265839ec3c73c4bf4ef1348528cd6778c87938ecdbab9101c7f2cdac971ce0ba043e7e73c116a22b97b9fa458c34f1ea84e584e6c0be602b6e4456ca4839b,male_masculine,Hong Kong English,twenties,96,12
5bdce9be5ea2267a1273191d3209f4898850c3f1e2165a8e799705544d0f6310b79e321be2a032086b29765d2916800541497524e755d16180c9b1a843fb6119,male_masculine,United States English,twenties,12,12
5bf38e641968c1becf71e5189f5744ee933be3ea155396e122752c68db2b8fcd74a1b0d4f35b523f703bafcb0ff10d0ade86621683cf6697204f08e77158f0f1,female_feminine,United States English,teens,29,12
5bfb0afa2b6f9550666006d7566331d24e50ba12b18226b55b88581a6bf59fbbe68d4ab0229c5bf52dcfd388cbc71d1fea258e11d1e593088ec7d659c84bc320,male_masculine,Hong Kong English,twenties,17,12
5bfc52d67bd88b3ed0b041bdc5c08261d885a901d4c29e25b648e4ae0fd45876970997b57aafdcc553faec00d43086e76cb8b2460dde0f5ce8e7672d73412d38,male_masculine,United States English,twenties,19,12
5c02a9ca889957e43e024cb5a149bccd6a6964f4c27674cf00781c97e041b9703fd1a31a26556c13a7bb873a198531d4dbcf5ffb1f884e00f2570b782b5e3dae,male_masculine,Australian English,fourties,20,12
5c073405d239a49d480e19391a57c26f0f664a8670d2b3ed881886c7593c5b54c26bd1709145c800801884f1ee8b5c1a8bc78ccce86a0ecef388b803e6befc00,,,,14,12
5c531f367556f798684195ad08d333c891d20416e1b14c5c8f5946ac800350502f1378b271744d4f028bfa57e9fc2dedfa5de163d4bd2575fb60aa8f461d8098,male_masculine,New Zealand English,thirties,27,12
5c59a10ca0c51b18c7761ec3b644f6e2962776de2a7d7bce2da958b36b3b01c6b1d31cd2087068ad1c5b2076db8b15ddbc98c1da4830d615aa9427e7b785fe85,,,,19,12
5c672c99b0c7f4e929518589696843d840e7af95753dd0cfb9d0cdab03cedee3a255aaa6eddedb5c6ea28805da1b6a08aea9a38cb56fbe82b4d64189a153830f,male_masculine,United States English,twenties,24,12
5ccea0f927457556fea53cb801e3981bce609f433f0ad9bdbe26470e33efe11b7289c85042771525943f51df9c09813e7b5b828aa8c1bb62bdb953a656636a48,female_feminine,United States English,teens,23,12
5cd95c7c22c6fd21f386f93b700187d1559ab9a63eab1b44b4af4717e61bee61dbf54a0de0d35e3014a441bc557f5a0a4d36ad4e3a815d4bd3c395c9e98daade,male_masculine,England English,thirties,278,12
5ced37e6adb74135d4bbf33cb2958aaffe4b3a3138191de89734a6cdfee371e23159ecdb155d6b1d9e6400ef8087e5af745fe9f924be5ad2d4cd0aed53cfd070,male_masculine,United States English,twenties,16,12
5dd11c10385fd3d39732ca813ac8551972e3a1a11365c30c9175634fc662a8022b13b0d6082629b2e341cd7d2e3ab3561c45aa547b78e13812a4e81c62f054f5,,,,14,12
5dff2d62d8425a65ed219c8f274aa296e684f9a4bc25473c9dee3cdb74844ef876835b4bc8350c49d1c2667099b7a923a574237efda037e9d5c6f36d9cf6db06,,,,13,12
5e012743c3ee6623e107325665941ebed9dbd07242ec04ea848d60d7fad141a2bfee27b4dd80e3af7889c6ea4e21488360ccd913c4c241212c0c5f6f04c48970,male_masculine,England English,thirties,28,12
5e1a3a4f618a6fbea466e432536fa518882f4be8ba2c3a55a06b1895b0f79bd0866e174556d818c0020a0ab28bdb45bf1e207d3343c9c76785fab40f04940735,male_masculine,England English,twenties,23,12
5e24f8caa6d254270d4c441873c2f97023ac563befbf2afd817d1dda23e00e4ce8418a132c331acdf354a99dc342a294d1bb7cd156f8cbf2257a1e086457abac,female_feminine,United States English,sixties,14,12
5e3cad9fb6d721adb91f9de262e8508cf75c90f89b12bdde52e1e45f08a3978f598f41fe3781c2d83d506bd6b4a0558953fd1321a5f77a2eee3cd8e9d70abb86,,,,35,12
5e4cc51e97f199210f8551cbc228a57ff6029e88d3650a22480d4a3cf55e5c99b28f5ba7c57baad88b3d796581b6f9788b174ba1acf4a188769aaf23b819d76f,male_masculine,United States English,thirties,33,12
5e7bf775118b2a888dc10c72f787202dd1a07f9e4fa0512c5302c4a9c361a37fc612e793fc37915b1267b5bd9cb98e4e87d58ae21ec9218a6117cba8e39a57e5,female_feminine,United States English,teens,37,12
5e9641023abef7409df5db1f9e57e3fa272d926abc4c509217812da7c9455e148738f9dca2b528c8dc0c2a406d0d71efe4c7780c7bdf9f441778e81e826dbaed,female_feminine,,thirties,26,12
5eaa49f00193ae8a891fa69e0c5a5ddbaf415ec00f344e11d982c8ec02606e2c4af3b7d9e4dc96fc3f68a296ff841aabea06ee2177d4966adfaeb885a7031ced,female_feminine,United States English,fifties,102,12
5f047713c8bdb300204b259abe32d12fcf660d9a2cc190b3bb5520d11149e42fa014dd345e5a363027c7e44c54b2855883d1e39562744ed33a43d38d935a0832,male_masculine,,twenties,49,12
5f28ce8e71505da4b4d2585aae048a46b99e3cd75d01424f807c4ffb89013154c7f73be0feaaca38a088bec021b53dbf5895f6544c62e37bc705936a88ae2c4d,female_feminine,,twenties,17,12
5fb5af30b269b39be6e9725f2a483f7b14c79612bf0fc5a967b3fbcf284dcb226326b54c018e1e4aefe8b1d70a1a97e90e863f9dae6a2b7f68b4815f8a8c7b79,male_masculine,United States English,twenties,18,12
6057fbf74d326056ace61a5053faa65395033cc22b1a964131263d21eebc5414ec02d035281c98256d6b1f2dfffbd3f0994fa8069882d3016f42591c19a8f737,male_masculine,United States English,twenties,72,12
6067a9eddcab4269082fad0360f88a597f6385bcf4605f8e3c6e5e4fcdb11d3a776f239d5214e237e71ae5ab28598ce49494397bdd6f96e5b9f21b48e8816808,male_masculine,"United States English,Unite States Midwest",twenties,21,12
606d776f6b51933b4eda7227f21ae2fd68a48d1798bd9cfe0029a8bd1c50b5baef367cef82421629f8449700adef847428f6ccec41fd79ede270cb83cc1aba85,male_masculine,United States English,twenties,16,12
6090e6b48a9db3f07d0156b6e43d4333312f6310d3495811c380568a6da2547092189aa79c0c11c6fa414d19dfd9456ce36eedee29ac22a2f91eb622959a25a4,male_masculine,,fourties,23,12
60b351e8234d88908ab8853f5b64dc48d7a5af9940657a52ca1014d9303f3318523171aba8e45823f2a21a82c1bb34aafe320ff9ef7bcffb8d397fb1477e4c13,,,,13,12
60b9f69f1c6b6dd13863a724071d680ab28559d06b9114b4c4a802beb11b9377d7adef4392bd97b9169409f4d4b9c7853b8ed750f95f37c499356077f6e22cd9,male_masculine,,teens,16,12
60e45fe6f2e94a4bd381a72531cd44c2c746723b8c81c4642ce9cc4957cce17c2c286dcf1b214b69b0f204eb53ad33e3f969770f498f502632a9f7288b7dacca,male_masculine,United States English,twenties,26,12
60e4c2ced50f442cb72da45b348edc5b9b93deb38a639ebaf75b5688ac3d372b18218501c32a36223daa145cee37e6a0685ace2d73607bbf8f2c80e77e7f5f30,,,,12,12
616805717b33c1ea2fed7fde1ef4addacdb1c9c9e1f8dbc4373060e909b3480e3201f7da12401f4114ce0b0db2ff7380d0ddb9590eacb7e4d166170b0e04a023,male_masculine,,thirties,19,12
6195c07d70df174a7918edc93ba38f7b642ecd8a13837d26643e3384b1865d8d3f8dc0e52b8245e0771fb23b2ab8f780c75100a4151bea1801f4003e1f0e513c,male_masculine,United States English,twenties,17,12
61b637d664452d812a11d179be5604e8ddcb436cce3f7cc7a14ef23be6f80368f94cf8026e058ddc9b54b8eba497f0149a60f48698d18c34717bf0b874ac9d04,female_feminine,,twenties,16,12
61bed3d96b12c08dfdaf232bb16e8553db6dc8dc88820507e96a016700e5666825efe59d8e3069affc60ce50f4d97d9166256446fc299bfc15b3c7cbe3968b5f,female_feminine,,sixties,28,12
61da4f4e03ad12663065f9595530f3821ff10a6c76bd711122aac1e741b544f0b2f801fd55e8b08f68e3de6aa6bb93bf2e7da4e7e92f5f281f3bf82068d3e1f5,male_masculine,United States English,thirties,15,12
61fa95f3e41263619a826edaf539af9686c82105b0bb4fe616309ac2bc97578938d39e9d7cd9b8d46eb4215e9c0b86b7383cac1920adfc225c5e0c4cc673aa0c,female_feminine,,twenties,29,12
622e6181fea2fa95124761c502fa46a6e649e551098c4423ab5b62954fb4cdef87019cebe3ea16c3ad0a4414bf21a8e27f381f87dda8764d29bc36698a9d6feb,male_masculine,New Zealand English,fourties,34,12
62722b2b3151e465bafa7332dfbe75706e2dce09f04ec3d077867463090d14514d77698d6963cd78ce74e4df0a85c005b73bcd3587a4f610dd111d9c8d4e4a62,male_masculine,German,twenties,13,12
627b2d44840539690025d05fdf026d99849993259d150b72789c12530d262999b26a3d1428d4098daf06371ee868de6720bd8869be368307a24867c267e95b39,male_masculine,England English,fifties,15,12
62937aac345cc709eea15b1476dcac6298818335a312fea0792db3ab10e23414f78884919d112fcdf8b81c171a08b2a373d48a9eab2a140fde36895f15982ece,male_masculine,United States English,twenties,27,12
62b48baecc015e25e3d53773bd125b351d2294c7a065ffa1cc103c050e868b8d96c98bc8f486ff1c71636d7ba5a6d3392b2cfed35522cd41efcae0feee7ddfd5,male_masculine,England English,twenties,13,12
630e7ec8d2545191cf156c922d12179c4f8511b8c94f0541de112038504984103fe8b71948de64fdf7a6a41056817910ccd5362661c26235644f0ebc9943ce38,,,,17,12
63293ff4cc67280b10da2df2fd2763db65ca8493af191e121605b45457373b9d2f7d073324125f2ec4d3d5aa138903f3532048b49083306757421a463dcad13b,male_masculine,"India and South Asia (India, Pakistan, Sri Lanka)",twenties,55,12
639f341eacc1ebecbcda2739f4c39f629c2d933bfb79318de6d0e38b56a8592be82fb9854d31d1579adbb9af91cd711a9b7f9dabf053cf5bdf0acbf33edb3640,female_feminine,United States English,thirties,40,12
63a4e47b6d3cfd98330c334e868d3c41685834cfec2c5c38865472410ca2fe8e204cf0758be426b09c7785bddf1354610f63dd1d2ef4e4eac6e23e1455235417,female_feminine,"India and South Asia (India, Pakistan, Sri Lanka)",twenties,135,12
63ded40ee0387755ce04b8fb15167883e2844947f0498cebb404e6cc4497c91bb6f919ce3f680da19990c6dd78b65be108b0bc1527eb186abbf15eb456063f66,,,twenties,15,12
63e2659d2ae278fc14fcbce9bfba6788171021fe287d6c6c2b7eca3f55a579cab25cb013c02e6adc0e858b703296b56bdc0d06ce20ab414501766c8badecbf9c,female_feminine,"India and South Asia (India, Pakistan, Sri Lanka)",thirties,71,12
640e784fcdf95e4124ab52cf812ba49217a96c582ec3c06c4432ede065975d2101ba7644ef19c9068fc8ccdc3a5b684f2d2a7b4cbe8c88b9bfc5a065d0cb7467,,Australian English,twenties,13,12
645e46f7b88a047d85a99b9eb6e40cf40044773e81fdf789e6572fda72814cb347fe5acb3baf183f5287db08352db34b8ee9f61748002dcb2506cd331eab47ca,female_feminine,United States English,fifties,29,12
64b45f91eec793d760ae999dc133299283188e7c9694ff23286c42ed0bb5ef07255e9392ca3ea1870648c7cd21dbfc371d18e8efd59efc2a33be39f0d09da18d,male_masculine,Canadian English,twenties,16,12
64b9623abc2396d296ea4a014a54d7eb8ab53b36957d346fa2785f7400443f55816b226ad1ed09ad13379588b5082312f78e1ed167207d960c4eb51ab6491ebb,male_masculine,,seventies,227,12
651c22a4ae96691f98b760fc06670703c9b1d8b62bafd74aabdb52061c45bca7713ebf865b4350fa415658aaff98e117f9acbd43442bb810221ec0021b3ccbba,male_masculine,United States English,twenties,30,12
65e4db551f3892e439dcc7a1714efccd1166701f881a09dcebdaef42e6a24e97212d4a2af1416e119fd1747bf6a9d7c6e8a82f08e5833b11bbb3595e15c42ee4,female_feminine,,thirties,86,12
65e66d234c1b684151e08365a5b1e5af5bb8a35f5a70f5b8bb359013bdd774a3199cdfc925bc028fd4c1dfcbd268567e818515ecd421bd5ed741b99cdc5c5449,male_masculine,United States English,twenties,26,12
6657f621ac638f7cc7cdb9d633d73f4d4d7f88b1764a8b25c366ccb692f1df0813d5d7b4f3f3cd09a62149d65417f59897aef9672b244cc8a7ec865bf716540d,male_masculine,England English,thirties,16,12
666d8a75b930da2206db122b9d213c565802c88080a92d1d4c31581ebc51c3c7e8df6c7e8c448e3ed85b88c2e5aaf23eb3a58c7e14d82dce0f7ae66b0ca65431,female_feminine,,fifties,22,12
666e3346d924c5047d1b4b756a72f1af1857135e246d97db0117c8e466a29699a89bc3ad77806bd16b82d6bf31099f9cedc2166162d175d1f6e65b69484353dd,male_masculine,Canadian English,twenties,18,12
66b27ad6bd4f9cb9a012d8e5cb8391b2c5494a180128e0910c3fa9b3566bbf033a3ef43178d36693ba7c41a5e1373d8fa4699e5c91228afc6a64c29f3e583b7a,male_masculine,,teens,16,12
66bfc2f1fed1461f58663170fd2db7d63f04f731d9e9121e17e3c3f4f7bd3f763eadb47640acb11e3b387f9f9a70547fff961797817db43b6e4e349ee76ada59,,,,14,12
66d8693f2ded1b51d2d39ef039958290d0de0e7b6c400a9f42d581fa6014a4d20c49509ef27c5cb420686eee0ea3b09b6fdcb566f838b631bd6056c51469ad8b,male_masculine,New Zealand English,thirties,83,12
66f0ab0f5d48f7bbccb1cdad1ec0487b4524ca18acf80e86a9a6f78b48f55093531dcc29fbb4a76369f8eb1bbcb5709eb186a0d21479b10213e2442676eba6bb,male_masculine,,twenties,37,12
672a3259269b97062367fcafac924cb6013a30f9e34c09eff5c41b6d81f8a9b8e797beba73bbe770cb6ecdcdcc0039306ffae6e7c53294f92803666e3fa86b1b,male_masculine,Irish English,thirties,39,12
676ea97de98c432a4b3c83ce5dea9d40485dec703332e423269d82a26bf8b1614d5dabeef1652d0eae4e88c35d51bd9216f09169ccd683255d5877c4d5b6c4f2,male_masculine,Australian English,twenties,36,12
67758b4fbaa26581c73125c2b3ef9afdc7e82cbef24202aeb6aa626ba1f19d65f897ad8a67a6b238e7baf2e31d47032b5fa0a1cc9c14b5d5ea65b6a6218c9fe0,male_masculine,England English,twenties,14,12
680644fac032bf584694a5ba7cb06b513483a98299de1946e9003adfdc7f7f85d3e31e9921eb42ef54532f346cc403ac97b22fa139d0d843c89ea89882bdc522,,,,46,12
6837127d7f136a9815ccd7a59263f582e8915eaf4aad8d8cdc126ad49cf2c5f26afddf0c1e7e8b86c0626160383ff02344049b47406a7deaa4e5e14326d7a62a,male_masculine,United States English,fifties,19,12
686cd3e8e4116ace20f8ff6b97f180d549f8ade44b0fa6e49469647b4897f96b543a7569db1b66a6afd505893963a04f7d2440009493cbc3d7d5718d79558010,male_masculine,England English,fifties,13,12
6871d7e2602a2dca25163de5aa6b1f61ddcbb4c292dcf384ade524ea91e3aae108e1d4235ab05ccc6fe0f4bb2c23e01941476a1caaec4a0df029578be3f47268,male_masculine,United States English,twenties,13,12
688632e24cd4ce5912c79bc257cf15f99225e221f80a4b43efc0e40b2e5233ae2304a4ebb0d4c3e42ff8d0b083ab8f2cc7d5e61b1519b306afdb206bf51d54ec,,,,33,12
68caafdf147c42aa78002abb9c2ac5b61f36b8c8ec4773aea7f74ef7e703458d18f483b9a6d8ece6fa16789d838b6b9affc9a0ae2b79cbf83d3cd50fc2ee58d2,male_masculine,England English,twenties,15,12
68cd366d37b2c358fcef7fce9adebb5c1a932ff3c321dd9a817fc9aeec7c489ef94a962e130031f804278644c53a354f0550247bf91e303df565ee2c23776788,female_feminine,United States English,teens,13,12
68d4f0485bca1dee2d70e2b3a575f969f3c89f9e9a417726e733b64e0bb5108c393cf27609fea2440e794589b6a3d53ca5cf50c6d1160a45bd306077f019a669,male_masculine,United States English,twenties,24,12
68f4905edf8e308876eeabe1a9aca158a26475711add4b0d7ceafbd531c98471593e842c5210f41eaadd45f1eef3b4611bc1fd8e79c7f270d839541ced75d0a1,male_masculine,,twenties,18,12
68ff506792c0fa71017ce012f122f3778ad0e8f4a54e043d4f885fcd0f101fe52534d1372e0a54675cf8b39a7143b62a244da7f82f08008e38dab44a2709d3c5,male_masculine,Filipino,teens,25,12
6934ea90f68dd79d019e2960360dbbf4b7a82acd27c8d6501839402a4db19a60fe1f105bca4c2fcde170b0ce44091fd29c41f656035954b9a936d81b3cfeb254,male_masculine,New Zealand English,thirties,78,12
6982271311c90e9d501c7aace2c5604633fb7263a0fbebf4a824a4283c97a2b1235f0f58132d7310aa4fd2a3e1bd87fc9cbd1ae0b8e3a364a7240a1b5e34434b,female_feminine,United States English,sixties,30,12
69a0609f88e199375d01542fdece3c120c0acc97c25e0fa337d93b740fd9cd7752c9de466b97ae944e3e6a74120a0656395db2e21308c09af70e0dae755385c4,female_feminine,United States English,thirties,19,12
69a495674a7d640f049bbe552424f75dc1263ecc706b49f584944bc5cc7427b27577877fd459d4ac3b6a3039aac1e0ad29b9e6557f3122b4aa861cdd2648ea54,male_masculine,United States English,thirties,30,12
6a7a628e94847deecbea52f9d3a8e4f89c47a10f219278c3e8f1c0eeae5bfbb4f45df63e6287c80842df8f9b92e7b55b1a976fd07f7cac687a32dd1010dbb9b0,male_masculine,,teens,17,12
6a843c39e5353b2d88d6fa0846bbf4a417f37f45a1e5c3225f8a6e3f813cf8347bde413594dacca8baf47e3442f63b6b8a54ed32f29efde81dbf360043a59218,female_feminine,,thirties,19,12
6a8c1a14620661b745d0a2322f7003029fee9f696c0188791fae303cf14cccba44b8b7088d8b1ddd41c1ed07572d98d242f6a37a2283e7419f41632fa6e11a4c,male_masculine,United States English,teens,16,12
6a9137ba750e90efad2ca7dd4118158a2f00ee740dc949280c3c450bf55a57eecc84a836b0ef0f542f5330d4c2fc24467ae432db57ee2135443a805b2dc45f7d,male_masculine,United States English,twenties,19,12
6aad85f58c00f62ccf4c9fa729c05cb309f0c934468e9614a87e153fe277bb6be0e2485520683ca096a1c83d6e13141b15e5be49e3ebaf3f4025158e1696523d,,,,15,12
6ac8b1a295e2a4a5b11a602a368771530cd7b900ee5d8b552946eb8d32c21f4694c786c41ca996b12adb8a1d1e15160f84cb0632d9359cf84c6d99a18745692e,male_masculine,"India and South Asia (India, Pakistan, Sri Lanka)",fourties,295,12
6b3579133fec8726891750d1bac07a84fbee4acb18bfd7ece34c3771c6e08fc5f8a59a745c47ee8ea94f190b9bcd1037bf1eaf055a66769c435226807f61f8f6,male_masculine,United States English,twenties,35,12
6b3dea408fa18a20674ac661d052eef911b07f3bebed6075f222940ce6fc0ba4a112dcc4f32674d2ad59b72cb90f39b42ab0f8258a0dae266528561c632f9a36,male_masculine,United States English,thirties,21,12
6b7a42676a3deb0c788322fdeecd99a987216f99c78b9ddaef7517980a8203a95757cf9b683e0fb6c5bb1622481536550d946e4d0c871336ed627e9ba3ba4f2e,,"United States English,Minnesotan",twenties,30,12
6b8b72aa3c542513b849ce423a1155b64a6d0c5bb664df1c845473a02354bc3c30eb92024acfaabb2980be4315fe13a7c1598ad02b1db60255d7f51b8d5bf780,male_masculine,,teens,20,12
6c1310d38f93accb8c0cae3d4a6c4592373dbfc0e93238b6cd4e5b96a083619da155e4ab463184cfdfa439f0f51eab9309980f93a8d2bc9785822843cbfa4c38,female_feminine,United States English,twenties,35,12
6c716532c5363b0ba8fb2ef19bf7fbf21f163bcc85b62bc474ebe51bd1e0249d2d7396c1b710501419d75292514fbdcedb75ee3ed02d2b5ce7fc5ec24cf25b6f,male_masculine,,thirties,19,12
6ca5d00d20e223debaf23a47643532697bd57b06a5732e6ef4b13fcae6d0bc1e7597f90ac0e44bbd0115fd331dc20c01cde18aba42f5326c61062257bbd451cf,male_masculine,England English,twenties,18,12
6cdf86ec07449b94b79aa10f0d691f4e6ebf71bfa34884adad151e8fa6d666d16f5b8f85945b89841e5fc196b40cb057b9840f22b13f70497296ef0aaf9127b5,,,,14,12
6d17502294c15a8c61658a7358bbd76df97e1c4c4d903b22a76971c078346c515c0e92ec841e2f325064c8cfc9bbb1e123f1562e0160c2283c833ee4d2ba45a9,male_masculine,United States English,thirties,20,12
6d2cbb027f6ff13139192d1dc2ea587cf0683fcb78480444f660f3a68ab93280b59550f75c108c244a52e3254892654f63d232d8652c8ee491d1e72c912c2046,male_masculine,"Southern African (South Africa, Zimbabwe, Namibia)",fourties,31,12
6d86b677771bc64e6f88f3493bf8c4ada06619b1a8f7fc0f7f049e7da8f5fbec381954467c547345281aa21298f2ba48f1fb67d01435f18eb88bd36b35bc152b,male_masculine,,seventies,18,12
6d87e7e8ef0f7cdf1a77cadc0aa7ef5d21245dac0ebd7a9e11658dfe1552c5ea0d6b682f3b3b7e570be844e4b62889432439078992ca4c98a5f31b5ee2e062cd,male_masculine,,twenties,17,12
6da09a0f14894079b9496cc78fbc5f8b636c58169a3cdade4941a2da73d3907e99c8e9682e45bb3cb58b2e15c904bd1d1827915dca2436ff77b4ad540cfdcd81,male_masculine,,twenties,37,12
6de04055e5a14d8df7b42e2d75d1ae95048a69aa855ec300fbc940a77ca93c58e0d63d586ac4f1f32254111bc06c71394bde7abf895d63c073207a7a228d1a61,female_feminine,"Slavic,polish",twenties,15,12
6decda3c2949d842e2b58174983c22d2fdbf0887949928fbe5067ad8da732b131c9abb3dc63c1d4ba6e2e1bcace49abe928a61260b4d39f09bb56ac3e6a9e35b,,,,13,12
6e1c73a1d583dbd460273a18c82c7b4c88e4892900bc439daab784892347523f343856446e999c32c265291ebdd63c6710cdd34feaec69861544246774be1bab,male_masculine,"India and South Asia (India, Pakistan, Sri Lanka)",twenties,21,12
6e1f0efeaee7d1674d13d7681b76bbf462f696fe131a70f7ce9f328928fe0b8300cd8ad80cc9340455e4d4c1861b01dcb2b3e0940aaba635ef259a55b4262bc5,,,twenties,104,12
6e9b4c450717fdd08ec6418d8c33ef07595e9f15d1ca7211690fe6df6a5a1da87043c508fe2fc1929e789c066c1998d45b67bfc93df928202e760d075571e060,male_masculine,United States English,fourties,69,12
6ee768e2d4a6db812da45f4cf1df695f4c3c2db14905519b7d340fbacb497f64ba1a47bb7c4ba3210e5a993fc3c688ce107c100d385b971e4e0349b8a7a66f72,male_masculine,United States English,fifties,26,12
6eed81f7feb81e2a32ce4a0f0ff8d4127b1481831a06c353b6855d8cb54fe08c8a54073f78874c8e5799fa5a63a620f3cc61e245cbdfe0ad6bdad4899bf5773a,male_masculine,England English,seventies,19,12
6f008f76e112454c7db1ca4ec51ac285889dba840e90390f0321f83b8fb346d01d70cb6f0c5a748d9ea112b13a502a496211b3796eee499640af71c6b06a2aa5,male_masculine,,twenties,112,12
6f14b093065038d5f48b252d65377fc2603a358a255c2cce78eb37da151437cadc03b5b8631b7785cf998a12b41fe7e0db219f49855f2cd4c494e7ef8bfb58bd,male_masculine,,thirties,34,12
6f45246868d4351377f611607f858ff135810b3b7d86d8de7778f039630580a7e10a5d8e7b6adc27ef22629a0ea5b8924098b0a9be78ea630e6e8b23ddbfea0b,male_masculine,"India and South Asia (India, Pakistan, Sri Lanka)",twenties,14,12
6fd885b5ae246c0f125138cdd66534a8d6670745bcf2690c8bdd9e4af4a5ee370d325f7725b74bed2670d22b1774bbbee7bef6172d33b7cb431b2b1e13eaca3d,female_feminine,United States English,thirties,15,12
6fe2ee910553691f58721e526b2c255075a174ef8ce2abf6270d8156f986b92371f95fe33b57ad3dcaa7130f764456b3e7ec431dce9e01e2656b29043fb309a0,male_masculine,United States English,twenties,58,12
6fe62c281ce59aad6e66cfbd493fa97fd15549a85c0219c6023f40155095bcf0bf717794207dd8dddf4766f8514a408c99c24b0875bf2d8b3982a8cf746b14e8,male_masculine,England English,fourties,24,12
6fff940078be249138b0f7b502ed8778fe2ca88192d539b68a5bbf04ea7b3d92b95c370152f84231aebda9e17936f0eab6a3fc5786ac4816d69852d078a974b9,male_masculine,Canadian English,sixties,16,12
7072c3cdd80eb9436e269635b6a77b4af5f6f7004bdbb0cc5b3d155ab53894e9128758d4f10f1608310144171b5ac4e0eda179a00aa9bfc7373cc69beec03cc2,male_masculine,United States English,thirties,16,12
7078ebf4d56856a4ba47f33ade4227a9ccd05726c7da2a7017332a5c0ff373931891050a737257b7cabd3579b0c690dc6456399179da2f5b5d5bc48b1813021a,,,,29,12
70c21ca1cc3de05f3c23b11615cd7d5dd078e03cda0cd46224c802cb358d2bddc9df76042f0f15fe5c3d655d19f20193db107b130128af209e229afabf047b54,female_feminine,United States English,fifties,149,12
70c96a46f6827039223782fee3a93b99fa8168c84d3e5f9a0e2a1f16cfc1d62ad6f52d19ac175ad3ee541abd81068d089df3693e843b932053395156f6ff36b6,male_masculine,"India and South Asia (India, Pakistan, Sri Lanka)",twenties,34,12
70d156a0bb601f11766c96c37e6295c13faadcc147f3ed2f19650b3c44bae1fc2ef70459fb00efe3c18b18379e15823f4e9a29900cc6b0018a21200643d2186a,,,,26,12
70ef874053b3651da6a72a80aa86f04ea781a5f4687955ab7a31e4ad7df06f13307ec08e820f57d08e97c4efb0000aed971ccb84afbc37ca94147f1393cb1d2c,,,,32,12
70efccbeece8450b3b7ae006031e32b25e4370c91d5268cb8228e7da015920be3a8a0f2f29b4728671dfebfecf78a422a3cd20650cefffed8a98a339b6868b9a,male_masculine,,fifties,14,12
70fef054f571f66d74facf09c7ab408ff81d44cd46f4feb4c58940f57df3a41208f7b68f9af7f3e45a4c10cb575d324db1c4000de1d95dac9e81556c49213dda,female_feminine,,fourties,12,12
7141beb040e9cdfdb3d3591b12714d9b2472779225cd955551551aea0a9b98b7a91b13391d587b6a9b3ed3311de50d5f818f04b331c878319de3b4dea17f0cf5,female_feminine,United States English,thirties,18,12
71478fb513ad412528972ba908369d72ba70339b171e24968cfe5a3421ac6959e945edc4b5f0fc952bda9bcbe6895518c33398159323093f9287e4898cf702a5,male_masculine,"South Atlantic (Falkland Islands, Saint Helena)",thirties,12,12
72384e582e15053a45638dc6e8e6818b96f32c39dab0150733f599098400addd8637319f13d90d93dec33c07da4b0653036943c13d7e42e61469af42f458fc3f,male_masculine,,twenties,31,12
72404613ee6ef1e254dcd8b23b7802c2b9f3e6d2d56c789f5b785ccd01a64b876c459381c88654dba45ad81824e034f9e2ee24580147c3a9b56bf167524568d5,male_masculine,,fourties,13,12
7275df3ab29386b68c10c396e31ed2476d1e25de0ac97913a17ab5a0e58d8bbf43cb7235ce9814a20321bef87f140c01900a4ceef94af8cef0a350ed14b3fa6e,male_masculine,"United States English,Scandinavian",thirties,70,12
728e0c6965f877ed1a9208dbe3d1418166cb99d5dda8bbd1b0ba88a02953975b5405f9fbef7c359e934aef8c3e0ed583a658a774b0a70c4c093519b32f17acfc,,,,16,12
72aa7be22e63b6a1a144d568074a5984bd615d03d937d655da75a2a70d8c4f7e9857b49c3f83019cf14666df537fe7682fa410bf7b34c73211edd828faf586c3,male_masculine,England English,twenties,13,12
73532cef33f34d1b6f64b013d2fa3c093a2828526a366a882eceb71fda4cb94d0e2a0ae029474df3ee98912615ce09892194e83cd22bc1445d9b3e77c5b08882,male_masculine,"United States English,Midwestern,Minnesotan",fourties,29,12
73a931d5f7bb11eb8d69ab9b02d0c02c71018a5357e4a85d51a36449c0265bbceae2e053716d392f05471d14c2da17fdcccca6dce34d46a67271fc4a4b5551b5,male_masculine,United States English,fourties,34,12
73aee4c550b16b53b5f67691c69005e40a777651ea33b4b1efff1be1ecb138ea843efc9890f76f3694eb25a1b1edf60415a10c1380958500e5854f27e465255f,male_masculine,England English,sixties,123,12
73c02e71a421fb680e24475dd7d773845df45878b4c8ed8b08c026be032130fbfc32bc2005c3ec209fb02392422eda58ddf4cbc17ea01dfa4550d9b71d5d3c84,female_feminine,"India and South Asia (India, Pakistan, Sri Lanka)",twenties,16,12
74199ae3910ea8eeac883bf073fdfd04091bbac31ac04caeae6c40bc2bc43f73e8ab6e829332741e27895bdc8c4083c09831b1fdc00d978661495bab555f6816,male_masculine,United States English,twenties,83,12
74217b2d365b258594b18f055f2ec324ff68f976f25ec36097d71d5f6c28b9f2150cc724e4a4329305cf9ac31e38306293ba517a3deb462ac2acb627dad1967e,,,,24,12
74491ccd3495e209ddd31169484962be9536d4e4861cd2cf8eecba0cc90549aa42b1e3b88baedd6a5e231f1580f0b656d378ba61130bc91a960034b174260ceb,male_masculine,England English,fourties,129,12
744d544aa8f8b99933d4e398eae6dd2fd4194fa93490b232465ab6ca769ecfa53db97070273f92dfb2ac41298e2297cfcd98e1f882db4bca55a61c6e67ef93e9,male_masculine,United States English,twenties,15,12
7456ec8b40142e1863ac5d241bfa1d7687fb9aa96941da3128bf4c4d81cdf2f9ab0e693f768047a1b87268a4612f4c5ecb52f23920e0fe146b04542d2c292148,male_masculine,United States English,twenties,60,12
74d33f0203cead2556baf5b74d166722ae22695ffe2a92cc5f587c76986216d377de0bcc24a5502cda8a6ac6bfa66f9ab35bf05fa8b98b945ee1f65245cb9850,male_masculine,United States English,thirties,16,12
75483d71e8adc334b312f73969d84a8ada8bfee6592308f8b9ca10e1405faa4b20b47b1eab3f21e81a43a229d54aa0daa3237ba6e90dc3ee03f41c9054db8555,,,,12,12
756589f8c06d26a03520de98a747eaecbab0d997dcf50def7424962910e1990c27f7b8c71768fc07bfb17dc7dcc87659f08d3e368390f3bbe04f65cd64b27a13,female_feminine,,sixties,86,12
757beaeb3dcab1faa1135fbbebc9a4315e7a569f749fbe21a8816905a981bec0b5aa2fe402d60d902cbc2fcaadbd204e02d7a72d388b389e9d7ff3b170f879e1,male_masculine,Northern Irish,fourties,722,12
7586972828cb14b30651404265baa4b9b8893ea7627c753195db738c56f356dfc218bf49b97bc25be6d57e89b64e9a58a92b077f9836bda09c405c0bd5f6d992,male_masculine,United States English,thirties,19,12
75b353a386b65e824516d348293b6a1a0332c1cf6b84f8df69c58d2e2858dc1ac0084caa273d4b6a2615fd9df8d3586623514022c048a2b8d48498c1236562c7,,,,14,12
75d85d37e94dfbaec78cd8166b6eadcc1e6d1eb69ba72e44a919e99282cd8bf029b0680a028f2624223fde6077e16dfb172ba76f254144f7be80f666035cdcd1,male_masculine,United States English,twenties,21,12
7606c9e1bbfc6ce41565a075ca737ceeeb5037f5a0407f904046eba8e068ed953726ee39fcaddf9789fb2b560e82cd46a31e367cc95e3586ed76e08cd265c190,male_masculine,England English,teens,15,12
761d22ef48dfd9b136666009e6bc961cfcd805e90b6dbd795f7f1d8b9969e8123d2d033cd3d97f8590dcec64af6d038af129fd45331dab5ec64fedecd86f6f62,male_masculine,"India and South Asia (India, Pakistan, Sri Lanka)",twenties,13,12
7633e88d8d94bc5abe8814aec0a3388da1ca9d3355c359259eaa42413bd56892583a8343a89ea0e4bc6827214421325a8b9761c17b4a4b93f430669d4e081e13,,,,71,12
7638c31df3d76068804aff7b183a07af9bbee296cdad7ac10b19c7f96a420728e5f15725ef57ef8e005b8dd6bed05e35663aa72e4951ef03f70bb04b1afa1ae0,female_feminine,"Southern African (South Africa, Zimbabwe, Namibia)",teens,17,12
765eb7b336c85e990a7bd81298fe7a7fde540e15fd08d1645cfe4d8ff1d893bf9c3eeead1dd13c1eaf7a936a264b1357f4ee8d7d4e0a44722ffeee2ccc20cf88,male_masculine,Canadian English,fifties,30,12
7688224a9aabbb31664f901255c27981f24e5ef557fc3d1d530e95ba9a1bac367ed73b6ab5f3b21a5b92238c52bfc1bf9ee5b5276d2094093504a9974245f033,,Canadian English,twenties,13,12
7691c6d88abf0ea4dd82b8c1c34905b72d42a44c71198603796eb7273b01dff9e21db0f73cf3c387264188e3dd5c9802a75ca5e8a1dd9b36cf57197b5cf1e14c,male_masculine,England English,thirties,23,12
7694c15be6003cea084dcb0b89771a778344c0025155cd0fbba5c0811c161080be39b986a8ce46c4dfb7fb10e99548c79c02a2714c05933d2fdcf4b8a16d7dbc,female_feminine,Canadian English,,14,12
76a99ec947c44f6a1cac54c9cd8c501da2ccdaacc7965ce977d75f17de13e211675fe4ebd2d3ad9dd5605ab83f8061a2c12f5f0231abf123a942a8aa8292e96d,,,,19,12
76bbaf1884947dba9fbbc779d5629ba924dfbfe94544e285b68b44308a4c5a0a3a45a85688c94b0131e0b650093bfe075248526cf9cb96df73e41e01916c1897,female_feminine,United States English,teens,13,12
76c9f8a8f018cb1a1837f237862266e5e4558b176f18afa1692f9061136d7ed1220f71b4dc61d1afd073d6632d2cb497c30d8222c299c6a65184c32128c535a7,male_masculine,,fourties,163,12
76fd466400956ea396fbb86b0b58805ee49da0fb7acd9401d54bbf0f5e1e8255671e6b574bb475be18dd651afc7f296bfba7f41ad0fdd5ef290b60a22efac802,female_feminine,United States English,sixties,32,12
771662210642ca9e2f17135f7a66db7f250f7f7bc6d9b3e3475b19d375389bcf6d1979c9a58a21cc866543ad80ab0e9641158290b7f6a9e1d0aad1635c730ab4,male_masculine,Australian English,fourties,25,12
772eef15573542ed62f2e6d421ec931ee92e8d6f18421dc35de5ad7c6123916fc02da3e3501bcba3c14b4dbc351cf8475729412ee1bc60150f37dca17fcdb918,male_masculine,"United States English,Southwestern United States English",teens,17,12
775fef6e84f6c3a62fb57b88053687b86daf7f9222cca8367096a696630a356c62b8881486445a90947769221d57d62c27a8829ec6395f6560dce08df250e7cb,female_feminine,United States English,teens,20,12
777b80baf475ddc3f2ea1ac95c3b73aad799e9e878a03b790bac7e597dbb6492e01cc0f3d90cc12a5ce03c4772ec435b0aecce1883b422634a6564a1b97062a0,male_masculine,England English,fourties,26,12
777c014d742cdcc2e612ea2ab56d64c9b5b50f5074fef5465a5ac998e17862b2caeb950f63594c77c7fd298c458efcf0a65bed17b65b873c49e22ef7431f74fd,male_masculine,England English,twenties,75,12
77d08e526d6908dc5b02963e061f5ae653ce3325fc824223c89524a1f03bca897218c037e656132592fc27bc8bdfc22970bc06722cb8ff3cad095876324d6de3,male_masculine,,thirties,12,12
784fdb62855d0c97c4479de4403e3b01103a92d862efb0f05c811055d18d3bb55d341eaa82c71ed6e7b430f283b0feadd05a9eae8633b5248cdbc6ebd6b63e6e,,,,17,12
7855ff6d88432b319f182e7e477d6f00378a76fa5ea5a7aeddc8ca2e6f3d5921d6fe9b86450d169571ebe423c9fc544e5c513b7842a436a8114b2fd1f829d9a0,,,,14,12
78898e245d797bffec906b7fe62816915d8ce9bf3e854bb0411f64ec976b051e89bd6846aa8054dcbd90a96458d7c30f96b9d905e41c530cae4a3b38f71c6020,,Australian English,fourties,30,12
789d863c027a97abde6cfbb3a9904cb743311e7ab435f770efd8f62fef88e3a00f625f635b204a59b46c73bafc3fdb1638e1c783150d87c279cf319d01fc1230,male_masculine,,thirties,17,12
78ca0ffb2fcc4c3e052a9477b13abe24f6a280a551dc5153b4a1efd8b64adc6fd7bc406d4b4e94bf2876eab391106c45df5d5d0e9265e82eea9908d82a4ffc0f,,,,18,12
78e67a34deebfed9ef9d720972eaebd3a138784a3723ecace2322726c5a8eb3718d7579066979215dbba7594d60428fb10d5f52a5477a8f12c6392d15b8007f0,male_masculine,"India and South Asia (India, Pakistan, Sri Lanka)",fifties,22,12
7901622282b4a34e1b1367e79c8435281595ba66942f5bcd6a63be9d03f1853b9a78cfe7751b28d704b0b71ef0622d4f2286b307c4c4232841726caa7d102f03,male_masculine,United States English,fifties,86,12
7963691c43c8cc498c58f117527522bf772c76c38530570bc55ef04834f67fb7a9227bd0fa1f13e64e8de1cde6594f3501e172ab86559697c08726cac26f4c6f,,Australian English,teens,718,12
7992ee59c8a9af9b74fd6f0cc12eaee3da35f588ff19c8859c39fb46d64da542518c2cbe3f8d7657ed6838f721781f9bbb0c82bc15bf31fb662c88b124ba6494,female_feminine,"India and South Asia (India, Pakistan, Sri Lanka)",twenties,106,12
79a2af29d0a1f58c729aa44f71adaab4cb20e6243f8c1d92f22073598e157313564fd3db018b72ee34acb041bd9b17ebc16c975ed841812fc4dd82dc1b6c1b11,,,,20,12
79ce8451fea8968eae6f84f6814187a7a9d4a4da089294de5565c6872ff1f951ebdcfb6b74c51cd7c08a2745c89c5ae67c5464dd4c0b22e55b2d4b1d7c0181bf,male_masculine,"southern United States,United States English",fifties,41,12
79d506fadbab047b1425e5aba0815d0e3452b06a461517fdca4f91fbeb6af216186e069a21b48c588647b5207029d4d680de13af37a465c2acdca8b6104ca9c6,male_masculine,United States English,twenties,17,12
7a79ef86945a0ed5e5053d368f18efed75b430b67b8d9b56ed1c4554cf876ed1cb4929c6521da2b4deec0a6411608947dee178aad65656c62cf1f07795ae91f5,,,,15,12
7a8749b1697ff3b5923774794122a1174a61366aad11cef0bfa9df55d8b83bfe34b27395a07e208b267f85c9c8987a0ffa1738c454157df397ae5899171458ec,male_masculine,United States English,twenties,15,12
7aa83f58dc5c2a0eb075195d1a83aa972a41082b245d85c456cf6dc3456e0ebdb8f6a26b16c30fcee8c01ed5f3bad1c00208906fd8a375141a8452adaed24ad3,male_masculine,United States English,fifties,14,12
7ac1a27571479281faa6d515a80d45b681c7a06e8bc5ae6805c6712c934805b3b3113cc41931f2a6aadc5bebdd9b9b57843cc40f11041414fd12814ca43241c3,female_feminine,,thirties,20,12
7ad2029306886cdc6a2c4a57bfa0c359c68386f1b5131b0b81fb1e27cf71bd3dc76da3dde0b13df0b786877b85e8da0b00491bf8648f5e350ed8053e3efe5779,male_masculine,,fifties,25,12
7af4e22e90bce9b4286c0deb6dfaf511ffe894b32d564e69044ae2b5d3ffc424cd5887a20fbb34888ecae4984d15571b02cb3fdb59d25d9a3db52615a31d0724,female_feminine,United States English,fourties,12,12
7b24e8484a798a8bd3dc1a760e70c495bf4bff4c5634a86157a08bb9623b848d668d63a2e4138f0060997cc6378f99d070d0bf8111fdbe5c7363a821191f6964,female_feminine,United States English,fifties,21,12
7b9dc25d5e538cb502cefd188609db8550981c0c1906f3e4538bee9be19ac559d63e1ccdff8125355b19a679f5ec02def2d344beffa23bf983890c964d9b3fa5,male_masculine,United States English,fifties,13,12
7bdefe2c594a8c906739704f34372ebb2d5bf219ec9abd285620467049be3c6e1007f5eeb31abbe4f7841dcf377b8359175987e55a760d5be1bce17d5edc3298,,,,22,12
7bf8e335b222c8f3eceaee7f9a0e4ada4d4de7d2fa39b6503a2fddb8334e437ba9cd1c7ad266a08048d0a324e2e1147e57b7befa84d4abdaa17a7209b9854567,,,,28,12
7cba7455872358bbbe6c8a326277149048dffe1eca34ea97f1320da2bb407fbe160493c6f1a51384199ef75c23c4c231aa78a6b84428b58b7ab70bb73882ab91,female_feminine,United States English,fifties,29,12
7cbf197695734dc82496550a5fbeb46d23378a16671b190f0556f7fc8185ee4c28ab92565fbd17f913675a17b0fb3a5da8496a551780ed24266e7da98057333c,female_feminine,United States English,fifties,33,12
7cc59b14ae724f03415b6d2eb49e91cbbd19931913408dd4cd4cde6fe343797c15f354455693dbf53aea797bb98745fa418cd78a3758ee311e19960854ca6550,female_feminine,United States English,twenties,27,12
7ce379e42f7926966aca16881f0bdb9521411e512a5b11b0ade53dd83b4cfab3789603d119c5ecfeb26e14326ac66c52805d12e26f104f0dd80045ca70fef671,male_masculine,,twenties,22,12
7ce7de807de174dee3854078e727107275c340b012acc4333e8946d07122b98537af3e1bcfcc9898a01fde08967b68ea2c0c5b4f5e2ada69295377c558cd62e8,,,,12,12
7d89888d2dc2478869e150f8c2d646bc7d0de416b2c925acc04bcc2745b2a6ef8798c24d350c2b002a34badb69399a0407a8341e0aafbe686ef88fd8ce78fba2,male_masculine,United States English,twenties,19,12
7d9d8ccf4626da839b01c03f960709f6cedbb924637ff9b911869c6e2eb596e590118425d6592dac712e59fffd184419735341d912bd8a2eb08086a84c2b1f30,male_masculine,United States English,twenties,18,12
7d9e644e7f28d0a377509ecd889069a0f74a90c48622a4cc14b78bc03290c21daa67d8755f270b65dc808f3a97cf20da469598ddc7a7ee27258c93ff377a08af,male_masculine,Irish English,thirties,18,12
7dacf336d93ba05e4c7b3474a1f6dcfc3bac970bbb20f90b28147b671b037da1a9cca30b8ca665a8049f40ad78e344511a0add018b5542ad00d2eb4d686f68b8,,,,16,12
7dd8b2a1708518b7b5c189b134c502ad54627ee89aefb98ec0f781df6e63ec2454fec2416d0579a978c215d98aeaa7a0ea1fe5e7f28d0279b0caa3c308a342d0,,,,20,12
7dfd6acca5b431070db94f4efbef97d358c94bb53ad9e248b9a2d6ae3e6d5140040c433e06fc5558c93398b8f74950fb78b4b31e220b1b5520dc80128bf68099,,,,13,12
7e70784fb02313bd599af88043d8abfdb5aedba92f0824af52152f3fdf95ad049fb7abb6789f163240ff079782adefd91596ec409faa13418347bec58819a582,,England English,,90,12
7ec39bb3cb8524d5c37c47ad31a657957eaa6d92cfffa5946f73dd3d7a9009b5ea24cdec98407e393434731f6115432bf7e1ce474a844a233d9c08accd6b90f7,female_feminine,,twenties,15,12
7ee4652a364c56cfe0e61f20c26c2de1eeafa01fd5add3d4caed72d340fb1738e9cccf80bb643032b8b9ebcf16c83cdb190ef3ab131bc6e76c167a426e70b22e,male_masculine,"India and South Asia (India, Pakistan, Sri Lanka)",twenties,159,12
7eff9a54bdb0619deffda7609d5b8565278e3328de99e63908be2a37c1ad16516240b9c92bc6b68d8130b20dc556f57005dc053f4874a49589f5971a31b97e98,female_feminine,United States English,sixties,744,12
7f2ac695b615e8507dc88935ce14db8a51f71c51e16b6acbcc659ed63a79a80e6fedfcfcc15c24c962e64c10abddb1e92e2fada2f7192cbbaa9ba8c95f4d7d06,male_masculine,England English,twenties,23,12
7f55dbc6e45dedc175e0c4d01bb1681fad7e049f800886e31b6d801501427e3c3aaf04aa952d44204e5963280ac910082e937059206b2e4bc1d3e11e4ccc610f,male_masculine,"India and South Asia (India, Pakistan, Sri Lanka)",twenties,17,12
8002e8b85821331d174fea251075854ede97323833acac3caabc3cdcc0ab752009f67f56efc5b78c7c2bfa19c3acdd04959959daf9fef22e521ae28b51442944,male_masculine,,thirties,12,12
806ac6b75036e881e18c33b28e86962c0b40e8626f7dec73ba79ca53f3677304372cacefe111eafa8d1d0a34782e50f0cad65e5acfdf57efdaed2a6d4e980acc,male_masculine,United States English,fifties,17,12
80bc1b579e4a1c2654bd8c5c672178cc6a45f1d7694d204330b3aeb0fa70f15c1051ca0d347484faf2a1bdf994da8f7da5e1723a05528ebb39e6236ce39e5591,,,,13,12
80d8eb11c5467dc78a4125d9eb05479f57230629ff85f13362538e279f9f3f8dcc00b10088e4c10463b8f85b171c52c417c31cdb38c6fba98723a8d7ecb622b0,male_masculine,United States English,twenties,13,12
81a3d33314bc9ab9c27c64bd296e0768cfc8c957b296bddebf76e8565f01f02ff24812eaf8c509f4eef3806f4f268951ad5448cf538973859720e4bd3c26c5e3,female_feminine,,twenties,16,12
81b34a2d686cc4433b92addf6f7336fdc5082afa37315b9580d4bd6d2597db5f3b6864543e4c8c4768ca1f154db1aa4df8936a4a6415bc41163e00a6426fcef5,male_masculine,,twenties,13,12
81dbaea33265d17ed88637c25a73799fd22adcf41fc715e222acc60f6a809fdaa90f5bb01b6d259b9f79d8ee798dd81cad8efe563e9a28ce2ed38216be05b1c1,male_masculine,United States English,twenties,12,12
81f6c6f90817a8f196da1843163f8aeebc92a3ab259c95b0fa8803dcab26b190ccc5ff9531baae3a70e4523c599892277801a3de49d96e30c62c48d1d71287fd,female_feminine,,thirties,55,12
822615f9eee2a8c3acbd3fd8b0848665de18ae6e742184d20b206fb868f7460bfbfaf62db23a7ffb7168d232018f685527ecdfb9ee8f2a3b56127abece57f6b5,male_masculine,,thirties,17,12
82483fb20f4fdbe7a0c0fa14fcd5b5fae30ba1f6fb6544188853d892170639578185218c72510b4baef2b038944304f7fec954db2571fa04afe94412b500af19,male_masculine,,fourties,13,12
826e691d1e77a31acb17eff8bf239fc97b617468395185184b57b00f7dcf9cd6262897fea975bf1ba321b03a5e75555f39f2bf90a20552e6435eebec3d3293c5,male_masculine,United States English,fourties,12,12
82a98fdf05c1e76fc76936cd824edfb92ebd886536ef29c3cd09b62ba0ac95de42de554032ff4891341546eca87ce520225fbac5c22d876d2f72989028e18d89,male_masculine,United States English,thirties,18,12
82e9aa22833599ffc86402835c3c4feb25ce199b361b652b6c33389bdfd5bda26035fe96f4a3d0edc75ba124c5960e8980196defd1628ed0784692fa3631d593,male_masculine,United States English,twenties,72,12
82f06e82477cf1a991584b9406a52c4b768b4c082b4526d595e225d6990da57bcd82115c85b7e4ee9489ebcec5bc35470d4006212e2999ce1cc64fa5191dfd98,male_masculine,England English,fourties,16,12
82f6efc51109b0bf49ddffc1c25f741e829f97693190472af40ef149afc34810117bcf347aa5dc553239a149ca670eb50780f5aa54c5744c7406ea577fb9de23,female_feminine,England English,thirties,18,12
8320d3cb4e4e3a6074d745f913ebafc3304791fdd0eb4ca66766461ceae2702222388b52e358267c5176fd5063d138099c11201164a7c9ad96f258cb1d9b987f,male_masculine,United States English,teens,25,12
832bb86f24f3213639c5f3cc068d80e84d50648d291b9b450839d04d4cacf8a3f143b984b99a764ba84ad7e191a5de8abb17bebd4437d8ef2f54398ced73c8fd,,,,15,12
836346e2e63480d1d9fa99135af6df7f57bb6b5b2a5faccba6f0deed3664fc603e17bc684b04ef3797c8d022c1916b10694d232e1710076e6cf5137b8e3bf811,male_masculine,"Southern African (South Africa, Zimbabwe, Namibia)",sixties,32,12
836e5d7c51f39b4e0cc92be6aaea61ca95a1e21fa4edbc33821cf5ce87e871541daa18634876b42b19e38765491a1a16b1c1d28b4dec833a52a31b2cc15c643f,,United States English,thirties,21,12
837a3233fdbada60146200471a6a316284e1c1459e3304840b6919cc36693ca4e103926105e98b9cd7907845ee2872ce3f42db40871d2a9622058c95ba89647a,,United States English,twenties,16,12
83af1e6f2f8a7212942ea72a0e097950e8e965b171e1934bea3800bc6ae6ef37a4ef91d9950c9d753bf5817fcd23729ef8f376722b35a9a8f8611035166f16d5,male_masculine,United States English,thirties,14,12
83ea7bf72cf6dbf761a5cc956e93f24622ab0a1f4f84086c03d3b8dcda396ba723cfdbe487e86a9378536c0b21897e1cc865589ce5ae4674549e1ec9d7ea8d7b,female_feminine,United States English,twenties,57,12
83f822a798ac78493e33f7c97af318a527df86de639f606e4f9bd2ad922ac3ab0254d5641bee6dc6fe45a6730a8549840ec03796b28a0e3a0661d0170624c13a,male_masculine,United States English,fourties,15,12
84011026a6a08b176b04081decf7db663d83d5e8aed0a2bdf8d8c06772335ca21e4771f2b61e78994a3a477da13c61fc4db7245acb78b15fb7ea6ed5e32feb72,male_masculine,,twenties,13,12
8449194e8b74b81d761d7a3786cdd5d099aff4f33737c7f476edf3435c3eb483ff6d6515d153c7cfb9193821f01a3a0bd6b049740b029acd7b1488df9bd579d8,female_feminine,Australian English,twenties,292,12
848082800df218ca2cc8ded0dce86c063abf8716a311e230b113327a733d7fbc92b427824358a272cb1ed9da3201daa058ec1432f262690c123ede4e48f374f1,male_masculine,England English,twenties,35,12
84851325d788471ecbe1f5dae31c3694c779bc917a4c6d5ea31f8181f28f15c9e5c2bab85850108c5c5b78f6086b040cd5322fa143ada4596f62ae0f40c01adf,male_masculine,,teens,13,12
848f0ccc4922fa38cf14fa4567015e2a2a14d3c763da8a3128c5cc6cb36ff3cbcbda6820345c3128d790a792be079d0d249797fdbe49dfbc93b701ab8c28b147,male_masculine,"My accent is influenced by the phones of all letters within a sentence.,Southern African (South Africa, Zimbabwe, Namibia)",twenties,15,12
8494f9f2eddeb9adfafac23d80cf68c57b672a301aef2f5b5d3727e8f74076f703c4af3546df299c6d4f1c098217b035475550a507e37af414eb3ad02a622281,male_masculine,United States English,twenties,13,12
84a6521052633c0124b8c90a95bca7a686876cead60973fe63e816c118960de87f719150c233836023a15d9a61e1d392235b9642f2605d46b3604c368925267c,male_masculine,,twenties,66,12
84ace744b4aa86a47206dae265767ba80b590d3b04110e1abb4bac838f2d9c8afca5555fd25f64a6d8421bd9ef0a9328267bb7d9ff1058151e3760b90839572b,male_masculine,,twenties,28,12
84dcb1f5ff100a87b7f33d07106004c5b3090231219a28ade971860b244e22d4de0173be8bbd3732900b6d8a230299b4976954973979fbced413ccba422a4a2b,,United States English,fourties,49,12
84f3198c4b413e6a7cab24d48529584c694f3501efa7e1605531153f9bfc82d8d3892b44db6bcf3dd0a946854917a5e265a10ff20d56bdf24a56ffd3dbbabb69,male_masculine,"Southern African (South Africa, Zimbabwe, Namibia)",fourties,15,12
85083a5399620259217b0aa425d2d9743337269e83a6e309da17bfa4684ab66efe535bb870fa12a120f19865cac89df0420f1bcf5abc8384e970734896d58ab6,female_feminine,United States English,twenties,16,12
854b3ab5b1dc1b94f3486818e229509111da30d0201bde488c764c5cb7031643ade8af504bbd715e27e7996c36d3fdff3305d6b8ba1b689c89ddb4bb04c52d94,male_masculine,United States English,twenties,20,12
855f8a33eaaa82f29bc4b3f033c8b7ac436158da6dfe986a3c387c75de449b9d121431f112314aa34110a15230b60143f5bc272ec27a6168c35c4d37c901691e,female_feminine,Irish English,teens,76,12
85853641ebb44ec2b3d59500ac617f2b727d247fe30a69a51d36c9292e545ed522983dbfaa24660d4c4fd1b1db443b9bd7008f0cb2d331463a9403e05d511155,male_masculine,England English,twenties,14,12
85c443d2a3b5ca0cf3b8c6bcfd672537816f6eba60f61a2cd6619bbd8b5a841936ea2fc7a07a3ad84ddd7608e476dd808c93165e01bf8c8672c4db38fb611165,female_feminine,Scottish English,fifties,12,12
85f43e75e0bee46887f07d1fe7dbf1b3087a675ec9b13a511df130242fe2c923d57b9eb1224456777c388b53587cf664d69a9cb03fe27397f3eed349b118e29d,male_masculine,United States English,twenties,34,12
860306e6e5e4afd7156b115de6720427893bfed9d4107952ca3db5a42a4ea825ba65831ee722a5f92c5b031fcfff5ac92bee3b0fbfc95b59c5e134c5352c2747,female_feminine,United States English,,23,12
862d569c1af2f6dbf373bb573cb292f7c0fb553e84fb108cc4584406d237bf1a7692a6714d4d6da9417531e9371d9e02b4b74be6d1230dff32ec2467b5457e61,female_feminine,United States English,thirties,13,12
865778f1744844aa7b89f4089f79922d4ddf91fea2c0aed1e9bbe9b012d427722563a98a6e4ebb988bf8dff457f001f1e6b32d8a1986cd4811fd61827dae0feb,,,,58,12
869a27af7e579b48fb314a38d644124871d060a834d0480704f27f3bdc88d5050d89c495419696adc2465222d7d355c23a82d803238f382fe56c4e2b11038396,,,,12,12
86d91456b2de2b583ad5daa758fa32021a3757a1f24c8ee5bbf95448b62951c9aea6e3eb4f2b10f2c27006847f5989e3e1bb4db6caf005411ef033634dc3c122,male_masculine,United States English,thirties,15,12
870c9c57429ee2dc0d9b2bc4c04fbea49cc2344b680c961221df1a40988b09d9c09fecfb7ed7e4298ba8f518a7f4e7905aeeae168e5872e8457a2e298d59a163,,,,12,12
8790ab0f2c01674132ddc87f706766da49406800f1170d997f74fd7beeb1cad1769595e1dc9cf1cd836dc4c422e0b4049c5f02baa1582a61afba2ebea04f0d56,male_masculine,,thirties,12,12
8796693fb19970eda73c742a411fd9fdea613f4d64d9a3b5e6c756fa7dc6648f34705ff8b294fa3543663ed6b1b6ab6f5cc2e37f278ab0b112aaa9c2de33aa20,female_feminine,United States English,fifties,138,12
87c09aef4022433e3b3e71f85dbd89aba43d35441af02a0f31a72ad101cc252441ce35cb779934a66cd261a13703d81afc112c3f572d7193254d9fc91e576062,female_feminine,England English,twenties,14,12
87c37ac8f79802cd859b6edf1fe035bbf2d13750e27266dd30d46e58cacde54fc7bd99f472e4da9d1c5cfe017eff41c80ac8eaa1233544671eef5d86787de04f,female_feminine,Australian English,sixties,14,12
87cecc125e113cbcc803f59f7075a581b82888bc974e0e323f0eaa02f1a098d9abc6cb5e0dac6233df991fa07e5fa8cfd351f6f1a7d39cea65295abcb68509eb,,,,29,12
87d69e3986949a872bd396a7801c3d3de5b24690bc7bb507b831e4bfd225422f5cc87f6ba3902f4ca40feeb569a63c321cc0ff3bd3016752a33eae1d58b13193,,,,14,12
87ea3493b690756d66be1c2c0e7040f867fda400fec8963f4ee4a7dec0d56ddd141b0701d74ab7484bda0ad6bd942ab53ba7494a92f366aa96bd366493881554,,,,22,12
882f4ed3e80f2a0d6cb038b0f08563c7b3c067c0cabc3735de113975089160c856405971c55436ef7a8c838c2cfd085be4976541e14d11a83b92cba9017bee49,male_masculine,,twenties,25,12
883ad801a66469d0da98635559d79c636656d6614048702ddc858befeecb82499fb1b49e6489862fe5fb84241861badd8380ec2e8f45522a71833e59edb014b9,female_feminine,United States English,twenties,29,12
8870592f9cceb5ab933124a447e54a934b8f30c2b5bc1d5a53b222323127e1a90de515c672e7e4af765fb67f54bfa0fadbe66bca58dd091c3dcd8e67ae5fc6ce,,,,21,12
88cb399f17bf89e214d79470da456e7416a5cd833463f9dfb44c373f293b993e6ff491c52fed15f68023727447f9c63db2dbd06e78aa306f8c15ea7905d75974,female_feminine,England English,thirties,31,12
892a82d6ec7fd2f56c26450278edbe013f77066182ba4bbe250f2545b3a1ea4a7d77c56aee8f43de2b3d6378c80604a81850debe1ff1d9fb98d3a02d70a7d05d,male_masculine,Dutch,twenties,16,12
8979358bf2407b8da8c10f2f03ada8834cbc12cec57c89feddbb5520f5e4af2d2d2777b3d90f34dc0111a737af0528674f88d1ba752385e543f558524e25cdf6,male_masculine,,twenties,44,12
89f2313cb26dc500bce0bbb53acab94f18534df56f7a28e2e3fc849caffcef41e1af063bdb1309b3a8feaca79195999c653e7d444b060daa31582586a8ab1cf1,male_masculine,United States English,fourties,17,12
8aab92c3319f29fbce93092860fe4bef31d9d921c6e9638b2076d0a6314c98883e654f21d30a790b54bf89a6b425ef57123a6e92cfe75b1a4dda4901688d2bb1,,,,34,12
8b02a488765e2a90b22bba55ce35d34518788726284297572acbde3c3ff2a057e87915bc09747c0afcb0946522ee844033228a6917d81d0c465310df48d468e9,male_masculine,Welsh English,thirties,14,12
8b0334a4aef1e84c1c5eada5e0541c821a7eace42edd36c21f75024c432386ff842bd4c7393f72b982cba353c756e5f15268bd9b9dbf99fb4982a12f1b012a8d,male_masculine,"Southern African (South Africa, Zimbabwe, Namibia)",sixties,20,12
8b3bfefd2870c4de03ef724329813e87a1e929397923cd6ca61ac29408086f225d158494979efad659ad88d8ddc3381d5ac57b4b56300e400efb0b6e27a392c1,male_masculine,United States English,thirties,14,12
8b782dd0c03a1fd7b67465513e4e45ee7036165abea139dab9f44976c72a4c65315ed32a2a9975a05a943ab185ad90d1b3d76b188d77b362d27604f9231eb839,,,,12,12
8b954f9a99ec73ca0cc6516660d740eda95690bf07dffc4f84e3789adde6bd03d1f9722fb597200338cd26ae5aa3aa8d3cf4173e45d4853b8f8e16f759cab65b,,,thirties,13,12
8bbbc50f11ee5653f08af29a93e6ab9b015feb2d8074aabad7e3d827327077c4bf7540e27796cf3041225502c484f80357c5e8f9892af63e9ff7628029349fc4,male_masculine,United States English,thirties,12,12
8befb2ca667e2fd94be20c660449a39b6db22c18d35016778980bbd07149c8813b5fe7d7045f43d354d3820281c8446dd7189cbadd66acacb4cf65ea2a40cc79,female_feminine,,teens,20,12
8bfa3ac3cf41384206ef383c180ff6e32c9e49ed3b77a388fcd2201ae91a57b391d24e25c670138bd958abc2d6f02c4a30085888298f7cebd1931ded6989ccba,male_masculine,United States English,teens,13,12
8c112feaa4966eaed91fce05b6f44caa9827ac2a7810ec9f4309b36fbbb94ca8971d97622c2f426957fb6c5069d35f836633e37787b58d2b606b9d7e187ff8f2,female_feminine,United States English,thirties,15,12
8c48c715580f87e3710efb035bb0db1cee77735c584df6028a08626626539898d2fedc59dd1d8f3dee81575f304ee7943ee1c6d84d04b887eada4bee5cb4e301,,,,13,12
8c4cee300c815b4ee08c1ac6803e7550a038e621f83280b1b59f2d2ad41ec390b0133e8273d00d4fe4e88c83dab6c3d742a1d94717b31fd68df2d02f94613c78,male_masculine,Canadian English,sixties,22,12
8c95472e14e0b5b5186e951bb2a3e4945d14fc395dbce34625c58882ee479705b8d16ee105bcac0199e900cdbaac4300d26d449b65c8d8f1232ecdc2a76c57e7,male_masculine,Australian English,thirties,15,12
8cbea52aa26bdf09b7e3df2221e07657d07d85edad0ca02aae3d1aa4d4754e9f6c48cb67e67228dfb2a86e37ef7fe93fbe4511d41e06c01cc34c9d0c5de6491b,male_masculine,United States English,fourties,85,12
8cd87e8a7a0af54183d5155c7d4e74398dc99a4ec63e03ca7ba284691df6451331ddcd93da036090889d4039e578a150f2d78da47822df6311b5ca48a1c2666a,male_masculine,,sixties,24,12
8d0a6af00251fed0765ac4e1c38eedd96cceaf8f86c4caa1c86ea8766ac4dbdb216203a66ba738c87310981edf87041aa09e16b273edb64e58cb6083a3cadaaa,male_masculine,"India and South Asia (India, Pakistan, Sri Lanka)",twenties,83,12
8d358cd486307f75894ac21199088bd5b257925d8546edd6792649cb63917c4fa5d7f8f3d11407ac796f944f6c3288b56ddb5c55bd7128af64ee64e6bea1fc17,,,,13,12
8d398a71a4fe12651b95b37d0d65661273dd136fec3b3b8fe2c7c0f95a2eaeb3388263a6ae5d7a839f8c16eae2d786c92b16a1296ba97da4eb9288a6db189429,,Canadian English,,12,12
8d420f53a26d9d11408386b68b1abba0684eabcf0244129c55b7556955e32d2139c235fcdcd37b0eaf4b0cc7061a0029d4764fc2c221dcf4a38c2faafffdb540,male_masculine,United States English,thirties,17,12
8d549bc936ccedd2c49bbc52ffda9418250e509a96bb0d11e9df22b4c695c124a7fa31dca219bc4307b54a1b7978c07b93e577e1b6e18ca38306c29d48f99935,,,,24,12
8d7472f6f2c2189463c61cc59489bc417d260730fea783ae68b679c4ed79f85001d35e51324dc6dc1232083be53f05cf06901071827a583677e003596c443053,male_masculine,Canadian English,fourties,20,12
8d9f2fdceb751188db1c6a85d1379ae3fb1e3ccdb56570f6a87045a45dfa756d9546f19d58c81e2cbf569ad7efebbcb5ce64d5c25b637b1fa65a52a8d6aac528,male_masculine,,fifties,46,12
8db90bb4e7bd664554090056b39faf21c961e17b63a49636e9a845969f8985b8d6fc45bd3bc95aeca6b91212e08eaa8a062668f785b59f1a153d6766278ee7de,,,,15,12
8deab633b3dc328fb48e148a7e3b7bda6290e9447c94a906142f84f0f21674bcceda6e5926930e1f9501fe525cf571f46ff959f5e4c1469d481a032055d1289c,male_masculine,"India and South Asia (India, Pakistan, Sri Lanka)",twenties,16,12
8e05a9762bba8885d665f8ab67084a8adc8c1690725914992dcf9f84a1f11352da18624b6bad7d77301c9ae6a69e3dbf0a68e91086fd32a256cce450e2233db5,male_masculine,,thirties,39,12
8e113a62d59ae29f19f0e423fbcf978aaa9eefc16913ce4901b0aa105ff590bb7c6ea13da0c5583c0772d6905c0a964d355e8667edd35c7a08442c2312439d79,female_feminine,"India and South Asia (India, Pakistan, Sri Lanka)",twenties,205,12
8e435ab3086904533a5d5b56ba7a45536232a8ef428e463872a325b002cb85b9a2867f934b3f7b836c72bed1b22ae523406232759c6078ece3fad9a789f19690,,Australian English,,16,12
8ed772bcb6e686110c2775e003598e40e0f6743431af6ecb357724cc7b8e4b4f19dcca57e31a16863bec6d27535b2f4b405a44a794aa25b8bcb4d506b9f37733,male_masculine,England English,twenties,21,12
8ee4523d092dea7faa7ad7118b6836a92c11349ce608bff9e294af2e26118f189e4033f458ddfb2b8b145b5cfd5e5e30a7fbe1fa6f2ef374c4a2479f49172c1a,,,,16,12
8f2e121f476a5cf52c2a5b298af48df164f7b15b97e2841f13aedfd5f6e1b1d170abe9851ba7dafabc55213cdb557c1ba3ef49a2da2b3da79357b468a74e4f44,male_masculine,Australian English,seventies,15,12
8f7a77857e833d88d488c000821388b1a07fd409058b174dc6e93916059e1dbe00e204c27c315d21fbdb07f3cd4ac1bff0bf230ce6dd13c70805db1ff4242256,male_masculine,Canadian English,seventies,34,12
8f7e0c1a745bde3b6375473b87b997d5f687a8a0d9c28a96b8fd9b2db97634c0c09607da808a8e8a08588137234ce63b8a9e537fd15117628bc7cfca6ae12059,male_masculine,"India and South Asia (India, Pakistan, Sri Lanka)",twenties,42,12
8f8ade03c593d85fc91544e410af684c2233dabbd196c5e72e49d16c32477e36a15cbb5ffb81d69dc256d98f01201a7debe285f99555b93293deaeeec2877616,,,,20,12
8f9b2598e6dfd7894a7f5a1464316c4319ff34ea102cdeadd215645f03cd6a122545cbbff5919f8707dc21c799d42acd4d6394e9fb1927aa7bba97004272d849,male_masculine,United States English,thirties,13,12
8fb15b20c24c48e35473c0b8dd9e1285bbc4506addde4a59184c20564509b8e991fe91436a329c0b3c06395bf9d662472eef8b66d0a2c7af0a66236ec6f78e8b,male_masculine,United States English,twenties,15,12
90295c02b177679e5f97729c8abc0128f1a7d045e94c2c30385a0d3f88bb3d18e900a7949ade79cbe1588a4d56fe0dd3f7c0a13f31c444b108e87d1739a69b8a,,Canadian English,thirties,88,12
904bf0eff8ed17d3f197f14adc863563aef3d58cf4ae67f5de10b09d90e3d4e31d4a0a1ddab877d91334d0437c8c05156be3a254683255789023a85c3915724b,female_feminine,United States English,twenties,19,12
9062128a88e1e719b5c8ff1ab70114c63e0cc34c6260882e5f75f4b12910ad99ddcd73b861593c541dd18f390584afd78ddd802c6c4a0d5dc9766cc499305b5d,male_masculine,United States English,twenties,16,12
90774ec0f6ec48f6341e1d12bd9bea2ef2e29342a37f48982c124fae32ad2243b357819ab62a7221e65bcfca153014d262c22605c58999278317f96f6fecd733,male_masculine,United States English,twenties,37,12
908370525ccfb5ae75ed481021e38ab81cfb3a357d92848f5f60295ba0b3731f0518dade1f0c0aaf93c29251974fffecca46f683a4d9fbcc2c1a419284546baa,,United States English,teens,17,12
90a2539a7010c22f8d1379231f2b3e5829a0e645060d823d4421f270950a0c5be5a4c17dec76306c383f14de9ce8360149cc679dd60a951807e7650edf6d2bd3,male_masculine,,fourties,48,12
90d6d58e3bac55d4668e79580473286d7d5be658e533ce74db1a82f7e7bd86cdad0593235270da5bcfc5d4e022d90be9f28e4e6a6f3ecf8247ab766c5d8ba0f6,female_feminine,United States English,twenties,32,12
90ef33c75fc1eaee1c26d177e0849ec19ed68a4ed5804020185fb7169d6350adbccb66848b4536e2f10d7bb9d7c11f9e6ce383955c4382ca47fab04b7c63ef29,male_masculine,Canadian English,twenties,12,12
90fd2a63b5ed726e84bc80e91ec77ffd410bd3b25d9baaa148d7b3fc61bd3b2d4590a062e1d67eb2fcd66313089f58a157136e0575deafa90776fd597a88b572,,,,13,12
910b54d167b21285110267af1f2d61d7ac3a9db9b49fa7b0efa8a4bbd6c856812d7b10d35db439d962c507a0e4fdf95b11becb6c574499c40f8ce76034304ea1,male_masculine,England English,twenties,37,12
910f125aedc2bfba2b16efb4382944bbb1c99cafc791aa3f520e6fe9c95c6f45fda8bfc98269ea57e0833bea1923af225fdbead03a32a2e0c84a1b8f9fb47fbf,male_masculine,England English,fourties,15,12
9113297eafe2b10d7da3da867a64514deb39c1ae3020d7385f2d92c8525a990d9ae94d8a6f272c1e359b3834bdfe96332227704c99e4911c3de2a84215e451fb,,,,12,12
9118647f11c456a6c13b320a06314222dbfbc22d32383f47847132c840b4ad12b4df64088700c859bcc16514b6ac45161b9c234223ad008e40bbc333472064ab,male_masculine,England English,twenties,28,12
914a61e8b5c5b088c9384cf189c5e31833916af4d67de55241a55da45b816ccb51844ab685c5cf16a9144eb0fcb9c65ae969ecbb7fd371371aa04686e27b8ab4,male_masculine,United States English,twenties,35,12
9176a75216f4f383dbe051ffdac54cb4cb0e06f3cf4d5ae146f36f1c74738c0c698176148c9a36a6746cb27cc56be6941276767f5fba6ae39ae880e18f440bde,male_masculine,United States English,thirties,18,12
91c4680efd91b89ad8653cfe15c59b0065f57df3fd4a077be65a5cf7314eb439b34108635ad29f37d3d5671815f7d42102609ee61335f0e8e39f82203bdc987d,male_masculine,,thirties,24,12
91d09be4f18b45b10d183bf439e94231f237fd9c4cf02c826bd89f57829ec2d197da6900b2bca1e7f17c990e06e9532a490070ffc14e2539185d0775940f4a71,male_masculine,,fifties,19,12
920b6c82ac5aa138428d3463675577c9caa74b9e9bb48f6c7571d66979bc5afb85e73a5695c405a50d44522c4f6058e54992737c040467b1d7698571c17ca7a6,male_masculine,"India and South Asia (India, Pakistan, Sri Lanka)",thirties,16,12
923d18708f2b76a24c4e5e835d208c5d4f45a33af40c7ff9c8f72abf2a93b81b82e2b8986e35a4986aaa592902267322fe7ef5b959113c0b0a7ca91fecc78621,,United States English,twenties,36,12
9241074f002555085c4c8ce7e086aa815a63862d73c7e3f9bdec7d0b528cca990187bbe3e47899382e1c8b1a6d5261b2110650d96603d55f547adb9dabc1ef8d,,,,12,12
9278d9c59a1d87fa8315100f59c822e7dd7537485a51f9c4cc1d41779bd809447f40d1e83cfe650166cf37f6fab9c8f01322c5cb050c199e70e619cf8e7e3ef0,male_masculine,"India and South Asia (India, Pakistan, Sri Lanka)",thirties,44,12
92e5ce7ed63ea6516a0c18922a46fca50ecf82629856f4604a0ceb326d0ee4f6b4b3eb226edbf3d812fa8b59e4c4f6d81603890c4c81cc6391079d965583b487,,,,14,12
92e8b507ff4a88d51da949d74f56adc905a4b28d39eb9b022f4170676eab6c7d6d253f8760608c03151bb2aca21276991ea50e8062221f72fc3c8268ea8757fd,female_feminine,United States English,twenties,19,12
92fa0173d8a52067542a43504a23d6adbcf1f55271ca38e9eacfa6f751199a9bb7ed840cebadc1a745b2c605ec99dcfae954c709b8c345afbcb08ce46e100b4d,,Australian English,twenties,36,12
9371842eb0a999f5f90c72385f0895ff8864a7ba8fb4a309bdf1a1c98944ee90cf45f32f31a3c1371041c75d3d7d7388098fecab765c6bf1c4ee802b51272a2d,male_masculine,England English,thirties,60,12
939991dfcf12d8250739f3b4e5ed47e0dc4bf8ffb69810f4ab853aa12872a811941be35b7e91af5df8350d75d3c61d1301aba694c41deb3f38f1414703bc0461,male_masculine,,twenties,625,12
939f0a0097d962f3f240c7d0922c3ce75d30160462efb3cde0e11979313378e16bdd2d65dfa8078ea0e15acbe9b4a250236b56c58b76768cda5e48da409dd723,,United States English,,55,12
93a5d68bb49a2aa81688b59d1db28f6fc04297bae84ea9a09f032ce4c629ede4ef32debb884a5afe6f4e544ce5846c18e62edd17ca1f63821ee5b218def88512,male_masculine,,twenties,25,12
93aa321e433d132c85160409e18e718d2f98e0106a8660939d30f4f0c9a9b04b1e8140b8802726024679c19de2473605b268be6fbe1a6f768434d5d04081153e,male_masculine,,twenties,17,12
93b0174f69242ef9fd1fbbd0102329669dfe25283ba6193d8cb05d3ca606b2fd7166cff048bac4f95449193cbc21ff152530969fa411ec1331c36a6b36a8a8ec,male_masculine,United States English,twenties,20,12
9430e5e18fd4eaabcbe041177c7860fa75aec9407d276e1da3afeffdf5c6579394cccf13e03156186482479b3d166b82acb9e3b64aea47ef0b83c06e64628d2f,male_masculine,United States English,thirties,61,12
9467a84354aa4d268534dc43861d4d647986f1554c84f516b592ff802b64a91fc3fdba2d43d127e553c8d61361eb1bc0b6edecace798200cbf7905e0c5c9c05a,female_feminine,United States English,teens,15,12
946a1d5d005916d1c7c76d76681d8f59c6cf725a80fb3da5e7f4a213e38272cdf365c99aaf0a9c4d3e8e11109379b56ed7d3255209e556dff9f61cd19047c2c1,male_masculine,Canadian English,thirties,13,12
94796df469d4a3dc6594d9d759a97275d001a4aabd862b04e5bb10bb6d1991c349084f6e5120e28213bab509cfc1a892321b96ac5d0a50d5496385a32abcd94d,female_feminine,United States English,twenties,13,12
94b0e33f792ccbdaa1846def66481c0ea52c1779db263e4228ef2cb07e7c35c4bf4b17cefa721bfaf173cafff89af56ff9d95731c06dbfa0ae9519ff6dc1e301,female_feminine,,thirties,14,12
94c1618c443ef8520e7716404b0f7146ddd28abd622386515d6e2026b74ba48e51e5f2f85a398e43cb1540e0af8b0debd997d7c797b40fac9953bc122d04bbf3,male_masculine,England English,teens,14,12
94c71f5af8e0dc3a94075137a518bb5fbf75c4818c2018610c6cefc0fcd62a3f2543727e74b0472683f11edd72d2032700479aaccc112c14f88395e5d3a1febc,male_masculine,,twenties,14,12
94e0029173b383f6bb8e6e5e8dfef3626d3d9d994a196e8e7bbdb0f34af77e25895e9b7c513b8a5f34db29084fb00838670bdf2e7735d34c53ed30363e8d7a17,male_masculine,United States English,twenties,36,12
95374f4f0281ce754ec20477f0fb494597129dcbd84a71b9840512f16624ca875a5d182e2d11413d3344e7cfc09432596ca9a53c1de30ea445daae342c2d251f,,,,182,12
9542495b59dd106f6e16180d9bc15fc069018a7e7272c6447fdb71110362ea4ff613ba8e85e5fa58622cb6a98d6a2934a2c8a5c3c41aa0af9e640ffb20c67cfd,,,,26,12
9550a590a3453307aad258d9efa73a347bbdcf4e358f379691ff80c24674c39d41a82fb6f6840f771d2377fb634243c9f01feb7aec1fc6a0f0aa51e14d4edbc0,female_feminine,,twenties,23,12
9589554d8179c222ae4f6cc46af845e5da0a007dc685557b1c2148ae386a476e9a9a4cb12f5790a1efddb03509b905aff5c2fcf5b6a580ca26d98d626c261f6c,male_masculine,Australian English,fifties,19,12
959c769d9a0863ebd10e46ba1e1e76b06250e53d5c5baab568fa47e09785ac1298a229d104c41a297faa1d3115cf601810b3b11366da8a2af3b2f450aab3f040,,United States English,,89,12
95cb187ddf6b915b52d7d7dbb603c428e16fd1e9b3bde257bdb677bc6050fd91366c392e1329d1e01d299583c345e20fd8c91fafd8268926182045f3fb4962ef,male_masculine,United States English,twenties,49,12
96220d6debcf7dce16ef38b8a7a8d989e61c358e17cf62da4207e5f240fb011e9290fe5cb605169a88adbeb0c06a150909031b3d2ebd2d7b7f009fc685422d1c,,,,23,12
96901e015b2865f7718de95ac1dd517b95c436adec9d7e35b8dbf286182746916c6376f9ed96ed8d29edb62df6522eaead214b26238a0c8c932ae71bec833f75,male_masculine,United States English,fifties,12,12
96c0f1598e5c83cd9211cf3d6245c4530bd9d73592c845bf9b76e5c3f372fd0876f186eab2e9cefe3aa5329a28e20e1843a80f349b196aef045a05fed118d82b,female_feminine,,fourties,12,12
96ce6a86930b7b17a7e238e7ad337d5d44a58d20674415588a98ef48599459d00fbb2bfa83ace37aeac4f11c756019b3590f889772440c1f0264f66a9fd671df,male_masculine,United States English,thirties,29,12
9770fb36c8a3ad885675b6fd01e018a6ecc0353b19136b12ac865e8a9a07d8b6646d5860fefe2476e7aac0e7f531901de4761fcbdaa3932602d612a9fa13f5b0,male_masculine,England English,twenties,17,12
979a7bd1462fc76fa57aaf510dc2c9d5359d100863cd8de6d394034be869daa4357b61710cf06306546ada4ff2c8e30bb480464dc126f4881a838829d60929b9,,United States English,twenties,13,12
97ab2f73736127ef8f803797c2b2cb0e405f35b8aeaaea742112a6233d2b64dfa7d0453127d079cdf41b48cd7282bc4e7934b40b9d0600f07d8fbd14f14c7c34,female_feminine,United States English,fifties,12,12
97b5754c2b7322d08cc69d621f60a6be00d50a86ef476e6a240529cb2dc06025626beddbcafff75d80ec8871a4b8cae6dd253dfa7009ee443b82423108973e01,female_feminine,United States English,fourties,150,12
9874a4aa8c018671843885c422e82908a6f5e705608328a9be79e24af482cbee2e33a56f8e2f1eb9549817ee228a3077a2040309d40d1d0b7011901ba0f21c87,,United States English,,22,12
98cfd9f3c99239b59083d23821824b62cb9fc1b2ea62a69dcad91eace1b707116a987d0b012d6bf23a2326a895f58a1b3d9779bdac725e7257bca63f8a1ea2db,male_masculine,,twenties,27,12
995e028794f85b21f12ec5880ae7d8140e8c53b523cad6dcceee552ee4bd39ed59e266c62a70bb57ee2eab0d04acfc7ad71ba2edda18635b1e2f81153c241643,male_masculine,England English,sixties,81,12
99eff2a26dd921ba0702130d8ba09ba245538852f2b45112a6bc394bbd2a99b4ae826748a9df907ce7ead060ee31daa4b19c9a7b271f25e7a3e66017464a5893,male_masculine,United States English,twenties,12,12
9a5220ced3987b25a0425406143ccd4356f34551c8d9f981813225d1697c4032db6956e157316c85f3001eefcfcfbb5769ee719a65aa098c2e965ecacd17cd12,,,,14,12
9a91a00fa1c8844d761e0bbb191f87d023185b5eaa08a6bc2f4030e7f2604c4f84ecc8725e7a47df26158f1414a2b868368eba0dca8545c3afcb74dfb6d20400,male_masculine,United States English,thirties,45,12
9a92ef4de29365d47917bd7d297e8e076a3c00df1ce49f96926bbc10f7a2c9d91ea9772ca58555d20c5e492a637a738b96768ad3b69e318f465af05c74e20aa4,,England English,,38,12
9a960474622d563c86ed765228fde7143b4049625694ce700446aa3ebd1affc4b696fcf01e3d6be9d17f948b03538abe5e1e35bace38a2fd99d599dce2a542cd,female_feminine,United States English,twenties,65,12
9a9fbbc0c279b914f4e6a216118322c66852e41330297239c5708ab0df9d48b5a45c973f2158375deedca13d1c75463469f9c2b8c00b230aff9e51e751928d18,male_masculine,"India and South Asia (India, Pakistan, Sri Lanka)",twenties,30,12
9b19e3b15e1a152fd9c2056c1a8bf0da6ec79b30b93bb8689ca4168d1d6c2d4a6cb114dfe826ea4e164e36df8e80817db01aed7d7f8f3fad4219eef539710ec8,,,,71,12
9b1a21c96038cc486b1081f2b4097164fa428833bc6acd68e32cf00d1774cda35fd7278028987bd3ee1d7cd1712d006ab8fa61d06464017e738ae77c40fd6427,male_masculine,United States English,twenties,13,12
9b668cb44d936ecac1604042d5da5e56375002b7f709e9ef0bfc0b8fb9e0559cd3116294b5f884644605cd68281602eef02a5f6afe9697318f270b8404f72692,male_masculine,United States English,twenties,18,12
9b6c1b27a0b779c3b7267a56a4211b9983b6b7901b24d9029807b454bf08a2a5538fdad896c9d2e8c36e93e2f0751142a68405560cdba1e8b9177ab263ccc14d,male_masculine,England English,twenties,13,12
9b76a2fb7ac7d5b830741141b4c43634e2163cf21415698339ef3f86728fc09f9c764629b3f20369f7322818e0a7ca71413826de205df5e95b8485fc4b98dee8,female_feminine,"England English,Canadian English",twenties,23,12
9b90df6c08143f35da9d96f2be91c232e3b620f28c0a40556b25458a2c3b25932fe3b9de3872f807ec1bc35ce26a29d773875f92e04f96bf1de34ccfa63d9553,female_feminine,United States English,fourties,59,12
9bc070aeec70cf09486abbdd19d1665940b457e064debd8271e8170b050a1a219c4c61e8caf3ef7a149e144427f374f1b1d8a975d8f26b2ff2b0b1089f610a63,male_masculine,Canadian English,fourties,16,12
9be1ead1cee12188a2dab24a35d02529554a6d6a07c4205a178ceac5470ffda986be41a4614d509ef2d9ce38175f24c6e44ee2e96202ddc886c1a1c375176cc8,female_feminine,,thirties,62,12
9c756395b4befe7f4ad8152282040dd32d9381be42b2e1b153811eba4836759f2e54fc9028da6ffbb7d22159bd8c5375453d39db8546c415f1adb4ff51b77f1e,,,,18,12
9c78e64f204f1edd9d266a174a9d289f4b91522ea3008aa110ce2f18f7434bac96b033cc92412aeca0519cc4da48c4224d5f218ee64a8ac11a02ed4263b841ed,male_masculine,,fourties,24,12
9c9f9dccc7daa91a521fbafd9034be60b8ff297054102d2fdb87ba9209468736b3d3f387ea0712eaf6081eaaf986b10eedf03639a7dae6f842c4cb214e10fd43,male_masculine,United States English,thirties,14,12
9cda2749734101fae176bd7ebde6f70df1132f8026ff6fa988e8890244ba9ac8644f7da5d1a27545b25a495995fb38e86a0da9c0196950bcd920b6fdddc6e566,male_masculine,,thirties,176,12
9cf673ab7c386938cf09ff29055cb28272dd125f5a4026ec91886bfb313a254f69837c8edb09821aa2f6205c1696f495e33c1bb3be452a3ce6cb667d1bbda02d,female_feminine,England English,thirties,23,12
9d3b60fd2e7b67d7d6ba1d4519fb063cad7d7593f32bb2991cce59e02bcfd7de8ad03c87309e057a829bf6914cea476937b3c3683a8bda1cd3bdf3e092bccc9c,female_feminine,United States English,teens,35,12
9d57aeaf822cf699a70f18cb334c05f1080d61026ca5846e228240d759ec9883ec9247705b74116fe5ffc25b2d5437ef83b60f3dbb8b601fdd3e5e78bc651e31,male_masculine,United States English,thirties,54,12
9db071da66e5b08a2abe0685a5f845403656201988e5785b221c48ed1333f97990248c8b62cede0628fac8a77ce4da5f3369ebcbc964bccfa6105243bccacdef,male_masculine,England English,fifties,105,12
9db555e24714069bdfaf68dbd96c7115cd8203cf20336f2b240d4523fa12df35a9248232f0ad0ecf0f40b6a8901ca752f64e153d6ca57725ac6635566725c80f,male_masculine,Canadian English,twenties,67,12
9e06b0915da2d9767291320d6d728a2dcb03262a1920371193fbe40d44f870f17bdb85719428e5bca1bbd99fc76b569e94d1428538446e603db21f4a3a077143,male_masculine,Australian English,thirties,36,12
9e16d0da7e3c5b1e83c88a1b625c92ad78051354ca06c069d5b89fcd5c5bc02ec28956f55be0ff63200cb8b440d8671933d090d06bcf70197edf96dc0890c8d5,male_masculine,United States English,teens,20,12
9e1a4f5bbc9c5ec8dbfde24e1f884e76bbac06ca05704dc15172b3ac0910d05e4d5dd8dfed463fe87ac6214d224ce91fbdf9ce5f8a93ec70a168a8879a90048a,,,,15,12
9e415636ebd065bc6c9064264121b0c74ac178a63e4f44de6445593f90ca9aafbc0e6b13581f53437f8571ea8acd7da07a100606ca6351dfc8e19f604f01ebb4,male_masculine,,twenties,14,12
9e48c6229f1f1906d54db83927a9b98a943b8cee4b0f475f85971377e9c9b00ec2048bee01813332acda0cc7ba9f2200d1f729d4dc348597318102754db43cef,male_masculine,United States English,twenties,20,12
9e9081b9bdf3e0a0e94f318f3e7b554a6b04dfaa1ee799564e55a70099b461ece00fcef86aa34f02fc316ea91e1f1335ec8639cab1622560badf8924ea1fe858,male_masculine,,twenties,20,12
9eb48b93568156e588fc8fb440555147c9f8d5f35b40949376d183eb113a2091c00ed17b4710c327f0e81c7b8a93e6d8d0dd6a4f4e3d35ec54e78f15e72aed78,male_masculine,Canadian English,thirties,24,12
9ee001a4e9d063c7c763528b9f343d55eb960f0c91ef384cc3350801f481da9469ffaa929bbbff386ade2a97c0242d034755c78237752db3e763a1ae952363b0,female_feminine,,twenties,13,12
9f1275e6f562c6fe5c40937d0ef071ad883ad4c38a77441a6be96c836ba3c5a276e68dd662d8fe2dcf0cd701dad490d97ebcd76b1034a0be54c47b64eee11028,male_masculine,England English,twenties,31,12
9f4d22b0b4ca680faa5a48da309104a8fee6cafda16f938325f323f4536379c9e6394693fefa94fb73c231bfbeca651a0f33da3b74b2c047cec9ebf148112b17,,,,18,12
9f55bc42668ae45df785c31ca5187ebbd0dc188a5b6b891e2d177a8573f969546784a5492a93b6c01c0768324a61d1aba0ba92983db7f003e8a980564ae06b8c,,,,18,12
9f5b91743a00482e9a6221a36a759c50408021328801e4f506469baa8d3c9114f182ab6daceee68e760ba810851340075934410214b27a9ab0e0a8e80d31f7ec,male_masculine,"Southern African (South Africa, Zimbabwe, Namibia)",fourties,13,12
9f6d718aac2bc2a256682258d65e4653cfef88bf7d7e8ee128ef4de2b9951280b8558ad9fc502322f6ac6f63caef07506c520432981b36accd0862742b6d5436,,,,13,12
9fd4e995e2a1006fefe786c28652f48e73f08f4f7594ce46ceff1d484619f105d759521e5b0d17b4d428e9e536524e229fab1ae9ab61b09e0e0da15cab5fef74,male_masculine,"India and South Asia (India, Pakistan, Sri Lanka)",twenties,27,12
a042182e6ebf78a6547ec308698d871de40b6656f75f0bb18d1e52469668a4a4cd4a0b2b59e8463f6e0060036b8732de5fbbc78cd45803c8ac8dc69f3db7322f,male_masculine,,fifties,24,12
a05406a5eba158bcb40734bd3ad652d38bdd7e8514c35a5e2111831e56084fb06df244b9dadd705142185c2fb74a0aa1e3429632930935e7809639f677105f61,female_feminine,United States English,twenties,152,12
a073c6494ece8c93048931708f71061da3c9da6e435a165c728a8e3d9aecc8ee9b30e3d195999f4086abce428f18568230d2ac7711f800797d172e51884af01b,male_masculine,England English,teens,21,12
a0943abcca5cf1f21bec8f174677f8f60ed966fe5a86f617937e7c74d5fb52c1f668d157c56e11e5286a051336bf4691cb97657808699ad6d7752b7ac5eff147,female_feminine,United States English,fifties,15,12
a0ea8412dec28aa4af465a75259e1f1795e3ba931052ecb943d2624bf18cbc232d514dbfc87c9690c8b21d4d8f857c396354b68e589da5f647cf1e10018cb828,female_feminine,,fourties,14,12
a0f1a35bad49f634ff8d1f419da7d342226632cce67a55d9f2b75c54210e793e84d14f963902dca607c9892f5cd2b2fa522f0802e0f2b91dd3c1e49c23af80b3,,,,15,12
a10753df0e8ac187b68b6199cee91ad2ad6428ddc405bd87720f8b9a89db37549e9f3e38154b426aaaa9afa03c94f6db66062225cd3c0e22a47fb52f2cc2cf39,female_feminine,,teens,12,12
a116fbae5551d877ebab8d50750eb79ea9d7d926239ed51537bbd64c33c7b766bb8b84f10cec48215e5204375d9064367d313889d0ca7d6c0042d9cd4a2feb85,male_masculine,United States English,twenties,23,12
a14db0583ea74c315fafe861bc7bc965a137a371fb152d8a1f8484179acbf3a786708ee2051adcce04feb81784dd424e9902c9348857932c9bdb7d0d60cf3ea1,female_feminine,United States English,teens,12,12
a1573f20b82d1823b5a8db60e86c33cc97b7f9218ef77edbb9526d7bc1d4fbfacd6c436ea0e25b86a5cb79c59593ca09407b67e2256d712f76912fc86c8a76df,female_feminine,,fifties,52,12
a158a7e6d553165a677dde7e97fdc5d618ef4536365e70e9a83acc4136677d3146191a014a71df8fdb7428eb3975584cf7fa5d3cdcda343af6056ab790258b62,,United States English,twenties,29,12
a16704120e26bfab74337748dcb981fb970d1163bf687f4de32c67b3152f9f1b58ca5c58d50416a6d3d202dc04ecc5ec64d54cf2b7425efdeaee18be2b1be0de,male_masculine,Scottish English,sixties,13,12
a16768aa49759bd9909002faf46ba87a7c4ed900e19052c62505342b8f4a9c906d77bb34e1707c4007100b815262514bb29aff75283685faa48f5c921236b2f5,,,,12,12
a1881aa7f5c8a03355c575c40251b3a2a987a6c86522bc77acb556a0267e5190bc3778424c9846f9e73c372fd67fc131c84fd484e072d72c15e29e59606d9c92,male_masculine,"India and South Asia (India, Pakistan, Sri Lanka)",twenties,127,12
a192dd511b272f58df07ca44c9289d68ff5db68ab0153add3d3c4cb6ad7a3f8b53ee867f0622963ee7de34debc3b36eaeddc3cef625f10a0a065e7a50c3aa3a8,female_feminine,,teens,20,12
a1960f07d823fcb9e8eccca859b92483011823383ed30bf4493ba24237cf283f0d0ab396f9094d310e825006f8480f0bd0cd5bd867bcabc45acce93a3a8325a2,female_feminine,,twenties,29,12
a1bdc5817a9a942ac6d588bed8b6776dc96a52254f754ed0bb69f587e77d71415632f35f0feddd98b36e8f60283ef4e765e791c9ae95e0373b8222eb6bf9c1b8,,,,13,12
a1cb939e97ca6abee8f1e2f721c74f40ee5b804997ac870612343409471687061b069a5848f49cdd60c1aa6027ee69f2674ca64028773969e690a1e0cf895dad,,,,17,12
a1e62e8e91e045ae6c344d53922255f484868cb798cbd4d5a9fa9a9894b10dca6a30db106b2b049d846c85ff673f5eb04c7a214d697afd771d28332638936aa6,male_masculine,United States English,thirties,39,12
a1e7fcc70c9f31b6eb8e9bbfcc7d0fa322f45bcf0c1d2201fe29a4018aa231027f4477263a3686dc59ea3ce1bf0dcfbdeaf5f5383fba83ea71f0fa129fe03de5,female_feminine,,sixties,16,12
a22721fa679ec702c9306f00becf645a864dbbe305fe6ff39e01e9fb780ccc8ad7913af19c3f1aebd4211cde70ed4cf17e23154c65125df7bdb3adfe3be7a2bc,male_masculine,England English,thirties,48,12
a2306dccebcc007a1b0ac5f475c0cae38937b4a329b7577abea48f2b9b2c067faa1a302c537b9d355bc726bdfd9a5a9e4969d3380418e21272d3cb97440115f7,,,,12,12
a2576ccf04ad8c0dbe2b29f3843c1ed984d8bd91480766f4bf99c933d99ae8d2b32afc34c7e185b06c2b16deae4fbabb8030906be2455973e2d85d92b0afbc6e,male_masculine,Canadian English,fifties,1015,12
a26ec48a5f949e4ab6bac3205e8cf1592492142d728cab3adacee963c79d847085c220bb58a8e349c50950866e3bb106368c5768aa3f3b865f1225466cc15efe,male_masculine,,sixties,24,12
a273d1f30f3cef1d79caa0946a4d184a7bf90fbbd25055019bbb6310ace32f4f990581cc215af6a03c3bc47702d9705bc10404e60606f3ba9f1ae2a1a30bb6e8,male_masculine,England English,twenties,19,12
a27cb1834cb36ad83016b24030dc007e8173ad7278258cb73be65d4521f2d8bf8c8342e7d7c3054851575f74ee17fbfea0ccf55fed90515bd62609ddc0073606,male_masculine,England English,twenties,14,12
a2b1954a88eb044141ab4ba912266b839954670bef7767bac6d6eda2b116dd9dc60c99add9f3b9f9fb5886aa0bb80265a0e09f68a0783af8f8c9827ee6880dec,male_masculine,United States English,thirties,28,12
a2d6af23d32ba11a6da856ec58cbd353758433e5fa86fa075403f155f587c9f0885c14ee681c261c5ef8e7cf183f2c6fdba0b63a6847543756fc8eeee148f3d9,female_feminine,England English,seventies,29,12
a31d5449a4603a1f8a53e2be86c805104b131bd2d9cbb6ae6c55616de402b004f68c61eb57450c6d6656ef4fcc33606ae3cdd02b57a3bb0cefea258bbd1dce2e,,,,12,12
a36c57d289e4e242cbdb3e04fcedf5e9f169cba97903f3b36d8a7ee7ba1b335a111cfbf24cc2041257f4d062bdca754d8a4992e51f9cf86419b6b85e59461666,female_feminine,,fifties,14,12
a38c683ea3889ad8403d1d5920c1a8673c206145f16151267d0efcf470b032337bbd162e9f13ecf16be07c4628f90ab8a744b14792366a5272a726ffd97ecd8d,male_masculine,United States English,fourties,34,12
a3df388153baeadc5e34dbd665ba7ef4412c6ac9734335bcee91dfe365a69a3179ef8bdffd4d19fb8a4673ecf68ef2293532a54197c09f0db2ad9f15c7286549,male_masculine,United States English,twenties,18,12
a3f77e4aa6f1a34b0340902f07e8185b1b4041615bb1596b6da777f55ca38d5d9dc79b15b11967000db2fcb57e702032efe75b2ea92cafa2f138282edca8b53e,male_masculine,,thirties,23,12
a3fd08402396f09456713c07ce61e0dabcfa7cb8f11d1d6b77dbb7ce1eed3410bbc6675aab5dede6924bdf942b138f92677a3ddd4782861f8e76b1aea5056b7f,male_masculine,"India and South Asia (India, Pakistan, Sri Lanka)",twenties,16,12
a41b49f8d6eeb4e645b0a2bda92ae9eca9b7e1ab97810f77041c7f813463519cf45983f4605f81d12857a23d579b70596d00e8a3a7563aa10d42115fe3a73d47,,United States English,,63,12
a4301022e3ff7e4894292972ec0d9b8226ceb29f6ab94879a0db1d4bfb1c3574dd94b94b842a94cbaa8ec13cf9259bad4c00bb7791357643e1cca54d1153e4ca,female_feminine,United States English,thirties,13,12
a457d6cd2e9be32ba26c13d9dda4e24950d858bdff83266976cd7187e17de1a88336d870d1df3c97f59153cff235e9242ffd6d7fc6386aa21e37f987bf4abce6,,,,14,12
a468458059ab4f4db90e6a029dc17dd39d18c78c4615f90b912bdc166c818043864b79fac2c6a159e9f8a74d6ab81a4afef4b078fdb3719a58345a8f98caddaf,female_feminine,United States English,thirties,29,12
a46f6ad126c53c5bc6b073622ecdfee0648f5960165a6704a02c804ce0d3d0be4276258813d8335d4bc621bd5b77bcd370cc2194a50c602e479ccc6a220cf664,,,,28,12
a492a2804349736c26342da1cd1859fbbf9185caca9b7222a6e6656090f7c909a1430dc4c32fd2661205cb35ce33fadc5a5d5bea3b818254829d34580c6452d6,male_masculine,United States English,twenties,15,12
a4c630fb852029ab6dbc5a957ad09deef4e4d11bd9a31c06b07e6a0703a84c1c789b4d3096429a5bfd0f618dab11fa2b914ed165a3824cba48d8ca76519ab072,male_masculine,"India and South Asia (India, Pakistan, Sri Lanka)",twenties,18,12
a4dbaf5b3ff93360b30220fed695817c1622b3de1c44e64c2efe5301edf9ffa63c0a9fc0b4b25c735d14d5b13b9737f38ee0d0546f709b5e25910bab4dc32eac,female_feminine,,twenties,16,12
a4ee526e2273e838a673a73f093a162b7fb42d416d28681d1f09bc8306c497dd541674bad63ecc5e59e25f6ffa17cced46287ffb18fb18c1219c1abec736559c,male_masculine,,twenties,12,12
a5a47603dc74982df81ca4482f4d02bd24a68967816e539fe0dd71a881a3a49aba50c818a3721e36da128c8222ad860e11159ff84310bd7836a9230b1a39349c,,,,22,12
a5c72fb6a2947e707ee7bb7f2adcced58cdd56eaccb3d0c84c01e592842777f61d8d248e8b83abbf718f5a5382080c231c4f395c70d08e88f113923bc65db597,,,,25,12
a5dda09284677db07138f363d81a505e8af307d594f6929509ef422a3a515bf2f8f67a803298cf4536a0471b5be3e8f8956b528714c1516099b4a0d324d5c18e,male_masculine,Canadian English,twenties,28,12
a5fd1e48f68ab0552f3fb3df9586d8cfd77fbfe345a5a5320ababc56cd5d78c5f9d282a8538c0c1c329e54a477757cb7e98b9092c5520e7d570dd701544dc364,female_feminine,,teens,22,12
a60ee37bb6b4b573c7a65f43d5d228278888f5148402f6e9b6d64fd350ebf3a172b30a94d53cb327f2faed1b8f3d2c5af2d244c586a6406d0fb98ca0aea1b67c,male_masculine,,,17,12
a68f7a8322ae676ad8256e2928e72816acf1105a03f8aff3d282e6f404ec37016ebecf7642ce3b1d1dfe468b2cc23da847f0bbd220782f328c7c4cb0bd6ed630,male_masculine,,thirties,13,12
a69b78a5b405ec7ecbc99ce1b2a7c8d6a27d871eaabfa4217f9b59125c9a0f77503f07218d5ec5f14a6da2006ddf8e3af363ce4d017b468d0a7428dc2ff30d66,male_masculine,United States English,thirties,46,12
a6b114d6323bc33cd894b8a6e02513295d6158340bd3f3710eb16fa3c684f68d30a2c9811cb6ed925ef115e34b42cef5dd8c3bc3461496143e693fda8da8316f,male_masculine,Hong Kong English,fourties,52,12
a6c35f97ef34178958e1deaeabcafe945171612f4af69dd27b85579b2fce4005adbcdab92dfe0236dc7810a7d3c39ab66d14205ee4193a21670e75c816c9a032,female_feminine,United States English,thirties,12,12
a6c95cb1f228ff8bc9985b3d087fcbb699e1d74636493a853a2aff02b6376d0458fff608aad0d0aedd2e50895824a9e1ee73cc0157d8a9dadda27ed951680a78,male_masculine,United States English,twenties,23,12
a745a27d724d52417c1342b56bbd8941c029c0cb740d1218bd8e51ea42a5d4e2f97fdcc68d6ac8a297c07d8cae746968269009fbe0cd2092f30fb2633e292ca3,male_masculine,,twenties,17,12
a74e43fdd06538e52c50697c69ecac1cea312b2ccb3b7e3cbfb1f312071a9afabd7a70fe524c85bcaa89b85796393634293afc77ff97faee4e63a2afba7cd792,female_feminine,Canadian English,thirties,16,12
a756a523466820ede057878d1cd70f9418a9b0c74eeed9113a399827cbe24b1f6594528eb9f3923c05fc0ccea079ecd179f22e94980ebed037ef4251b5a63ae7,male_masculine,England English,twenties,45,12
a79053332666959d49c7f1ebb837a28ed8ba392c55c55ae9ff8e23ed1f9174612470eba3342acc09f9aabba6ce43eedeceb4a6d08a636b7da04abe058d03af3f,male_masculine,United States English,twenties,14,12
a79cbe4bac5633d9c5bc46c42709df236bc755815ce6d810efc44394a6cd447ce90233c5dfecf2af6cfc0b4bc69b2f3555f9de3c640c65b8b30a1145ca7c1769,male_masculine,,fourties,18,12
a7b1db5f82512a77c669d789c4d8d94060eca2838e3ffa3ec81bbe15421aa6903f5a5f35e23bb83c4fe312c634838ae01afd029f196d0daff7c62aeeaf3ef811,male_masculine,United States English,thirties,20,12
a7fd0808e0942c46fad626f2d466bbc75ba58f28566ddbdde4e9a8f15e1bdae6f8f1d9fbcb63bbce99466bbecf009e42c8c5e1e6de45ff0346ce3db0f21b7c25,female_feminine,United States English,twenties,12,12
a80be13481df881b71ccfe94687332be7cf60442b14de11ca8619cfb813fe03c9374789a36cf5aff8b50740824ac23e751ff63eebaa2acf6e988c7580b056267,female_feminine,,twenties,21,12
a812084d7919d7e01556e659b0fb05fb5771a2104fe3861eff6a4c730670ef4a5b5cbe683a47827f8743f06e7ad919fc71cb04520025843bdda29475bfee6dee,female_feminine,,seventies,22,12
a88bf7598a06fc353a67164cb7348796c97705794c030e55395dfca2ed12c42696f5106f7bcd24f93e0894b05a08e768252e036224b323f37f74c7dfe560d562,male_masculine,United States English,teens,15,12
a91353e64024852cd001d6fe17a31bee8c82d1f30376155994ef602a2bd387b40b6befd84245937a0e355121e50dce126d77eb2fb6d709d7ae22eea7d6343c17,male_masculine,United States English,thirties,17,12
a942a99db0a31c334859aab7f8f8278eb3d69f3d2c08df1936609711ae779253e3e750550948ac65e2897cbd31418c48315fdbb1f002bf9040a73660f9e75d19,male_masculine,United States English,thirties,23,12
a97730f86fa90560ae105669364412a9ad393b32839d0151236604af188212aab60bf5168a7975fdd0a448dd3131543f5c0032e737a7164b41e9d9d85ffd6660,male_masculine,Filipino,sixties,28,12
a992ca1f86cf5c6e1589d1fcf0c4717569c8d173e42686b23531ad906aefc8479e8f2a4e368e7cdd591e0d2313a6d056f3441d6eeceb8f7c72cf948737f10be2,female_feminine,Canadian English,twenties,15,12
aa01443a7ec842617c9dcd86abc470be3ce8d316902938c7ca55006deaaad3f371ecab2228beede9f058435e1ca5c6a52c14b2dafa3e2384f7c755ca9b12a3f2,male_masculine,England English,fourties,25,12
aa04b63d7e8f7315f97b1f610c4ecd89574ed2272ef6ea397eb0a10c40e69019aae10515e38e802f8256265178f27e5de46a0bd941c7525e6af0bbcb98811995,,,,19,12
aa073c69b445b2d56a6628126b26d2ca757dc0cac7c949eddc4474cb658966f7ce6d4f5ae0b26731ca5f2478b3ec1fd7bd59f739df9765d0250ecd9107b3cead,male_masculine,,teens,20,12
aa229274711f2b10e408628ffc5e5ae8758bb022f781aa61aa61027168aeb5027656f2fdf8e94e3a5211e4fcfea5b8447938ac0d24c8002b175fa15f589967fa,female_feminine,United States English,twenties,106,12
aa308a6660bba7cbeccf02b5d203d0bb01e43d9526e64699e7a05d7fa61950840ee499dbd298f88c874ea183fad157665a2091e3b298ae06bf95a8de9b96618e,male_masculine,United States English,fifties,121,12
aa6a3aa058c055c002460ec3d6f0e7c8d8980340aace24f949c92d201336f60d62fb7dc3b6f0033ef14dbe8f9338a8409b3f1c22d741be34c95a93b3e959cf32,male_masculine,United States English,twenties,37,12
aa93a6fa29c0debc33d9430603e5f8e0d38ab88943dc9c03b0c857543575a0bbeb8f09df8d50ecf7215c448f71801643768afdaaabd60bc4d5cad13cc9e3b5df,,,,13,12
aa9deee85bb83d18aa6c383ff13982ca702c8b2905a98b10c198120ad619189d5c23136a85b74aafdc67532f0e8380387a444987c72a999d2cd1ad2e2b1235c1,male_masculine,,thirties,21,12
aaf6deb7fe2064475821b53b3b96e1aa4a8509f27e3e93bc287ec8b14cd33cc4f86a4a115502f46482ae51eddfe81a7efff017ba237be26bc9e12a5cd9e868f5,male_masculine,England English,teens,13,12
aafcf290f4457fbbc54f1b3b36ee7002ab48845144fef47a9b834508f1ce69ea3c537edf9eb148b4c93d30e581b821711e96405a8bf6ef8b163882e7d0a45c5a,male_masculine,"India and South Asia (India, Pakistan, Sri Lanka)",twenties,21,12
ab43bbde8dd98948b7e6b8393d966519e92744fd96172349c9d20cd1247a67a9e41415818b1ab8f0c456d23244cf15a1188a078707b96a3a8476783890c4a42f,female_feminine,"Southern African (South Africa, Zimbabwe, Namibia)",thirties,487,12
ab72e9ab22713aec03a3189202a0713e56016ea07569b3041fcd65d77c9eb3f8c692f7ccaec75c16bbc62476d528f434d829193994cf07fcde9e3b1e4a2fa93a,male_masculine,United States English,sixties,493,12
ab94d8ac3a0649acf657ad2c492e49c729f20bcc9a08bfb33c2ae7a3de04d0ac1b48fff5d2aa922ccb4d2c62e12d7fc652b2addada0491cc58d0f044605b0e2e,male_masculine,England English,fourties,34,12
ab9d8e5ffc273ca968a736981571e6021ef980b3804265db56a0b68bcc5928058da1b156b8636f74cdf17f323867c9fce08833b79df05cb294493360b30298a2,,,,12,12
abc6656344660316e9a0946061af5597a8961f118ef1292d1802420b40ca61d5a7e4d22ee9cfad3e47a3c19a445077275be636337db3805284ee8f5cc4991be3,male_masculine,New Zealand English,thirties,13,12
ac033bcb388b843d9826ed30f7b6bcbce5f9e8202097f796c10aff8c58d5e766bbb828804ce3d725b5354221db9b376d486fc0248be1e565d70f6a9bf77701de,male_masculine,,twenties,561,12
ac5bcf4eb7455bf947082f8b03177941a01461c7257ca45803f594af53847e2b8d43082fcbc07760b0b971728a0e5e0bfcfe2bb104270d555fc8bcc5090f26a3,male_masculine,United States English,thirties,13,12
ac6c32f959398d495a2bd3ff3a6d7b3dc0f9700ded23aef5f248bc799b3210e84b90cf8eaca63f0bd7caad7fd8d2f1914223a32a39085381242d0f0b0411ce5d,male_masculine,England English,sixties,242,12
aca0bdcf684b98ad2c10f99a1eb37d2704da5b88e9c84077d1d11256dfa4b24808f6b1e69d6ac065c4ff7cb8bc824052efa4d338d528f3a2ca81d2a57b330c6c,male_masculine,,thirties,17,12
aca771df10297b946a2b6cfe7c40240a083f130ea9cffe6dbe28dfb2592fea1cc29e9523afb9bc2637e1b43dd22d233146e40ab799e1dc500934a426dbe51519,,,,15,12
acefbb332db5ce3a5176cabcf11976d544177c9cc2aa0341e37bf9831b07b0c93eea6bfc53d97214ab261d1debb927bf66afb61c88db722415a5af6545b5ed9d,female_feminine,"India and South Asia (India, Pakistan, Sri Lanka)",twenties,114,12
ad18305eb8ef4812f11208a027ce49d5e99dcc37b6c0d66ba1fa37f62f00bd7fa6712b6437f2a19c4239cecf0d51ba1605363621ede74e7e59c758421fb3dd24,male_masculine,United States English,teens,24,12
ad2d653b385724afab1f62f5d67118657477c9c66ed98173b28b62807a4b87f8f95ab1603dfc24585df017d801b98331481b762bdd03ae5e178304478f3f3a66,male_masculine,Filipino,teens,21,12
ad3724272adc4af1bbcab75418d284961d815fdec263440a6e77e0e3b06e5d6089742cc8ccddf99f781b8b39aa81065af0c175ad923ea346c0b875171a704d43,male_masculine,,fourties,12,12
ad48770deac71f192eb426331d52c328786920bb5760269deab9486850b50817f8c0f5cca4d68ef841a67432c600001571104132afee94b97a0f667aa78d4f61,female_feminine,Canadian English,twenties,14,12
ad6ee5dfc2c0964ece116f29c0ab2886331e3e79a47bfba910a9c5d1805b9adfb75e3e406be994fd3986d6c7618aefaa81550663fbe99679780e02ba4053a388,male_masculine,Australian English,eighties,13,12
ad9a82500c504f3cd479e2fc808f0dcd7083a8242194ddcd233cef7f6927de2aba3d3d594647029897228f971f51270802f4cec7b4ae31ea385e1a2355ffff80,male_masculine,United States English,twenties,18,12
add467545a59909f7c7f1a8392136b68ca4ea82d21285af310bbf6a05ee1d5a0f829073604413d5f49c753e9b57d759585062441014ce4b393f4c0bc49f7d1bc,female_feminine,United States English,fourties,39,12
ae0a598c04ce6d03017380aed8aeed6c0fdbca5c169410698493ea0f09ad0af55b469fe3bbc7e9bdc2531b1e5dfbef3f62a4c2c9cacf3ff8fdf5ccb569d392ff,male_masculine,United States English,teens,15,12
ae13a4a776cf3019e7003e952cb2def0333cc044ddab4e84c2d9e900baad18d586fac6fbd80404141c91b0accd3bab1dd663aa83b10a7de6ca3a1064e1a8a39e,male_masculine,United States English,sixties,44,12
ae49ac5f2cd90bb9ddb8e4fe8fffecc327d54527f4a962717927b788c1f4d7049fee502c9f626b5a2a1d5e5d74610033da1d9761c07a9ad13bc4d963b93cf7ed,,,,12,12
aebcedca97d4dfba67111773ff08416107789ed1535a4fdefa8f75d7c4feeb7f9f26283b32a81371ef2ae11107f1ad4b308b5dfe0d3a8bdb9b7be22c83754d4e,male_masculine,England English,twenties,14,12
af294a21d920e11013661f4735c1ebd5df298b0c73074b35ae4c3ea490ee8e630766fc629741346f123353256859ef7d055ee8dcce07e48a091cc8bedec671e3,female_feminine,"India and South Asia (India, Pakistan, Sri Lanka)",teens,117,12
af3acb2416c8746fce74ef792abc2cb84583ebb3ddf4edfb51bc4513267ec4cb38988c3fcb2d5e639f9e99fb516a4a777b9cca4f22edeb39a3924b7a135d91db,,Irish English,twenties,16,12
af4bfcfaac2460d8d4996ff7dc391af46aa8e70d55a856ae4c0e7db109a696ad0d0c6497757c9cd16acafa82703888477d745800b9c20a714fb519bcba467f4d,male_masculine,United States English,twenties,12,12
af4d93c1d586cd67a94bbd0d0a049d5b7bc75a451b6c63aaa15f66b73e2a280f5f638e7d7fd9c8809ed9e123296949c8fa9c3f262989aa041a7d4ce3df23f69d,female_feminine,United States English,teens,12,12
af62b48c2960fa5ebb9d51fbe19c28ddc098c2f4cc96a28a01f26b36e98c0b8ee3dada5aacb348dff78517c8c714f02249fd892e785a1588ca0b263be9c30629,male_masculine,United States English,thirties,17,12
af6eabb1520a0a170113371fbf24c072e1a6feff65bc93d6bb41df7159cbdc0a42704a11ad4df4172f7332d53e55ba28246fc404a2d7237a9efe041ce74ba9fa,male_masculine,Australian English,thirties,42,12
af792daf088a6aa1fe797ed9793ff64bae6feab7df9efc503e33556123aa608867aec343997bb6a4444c377e718f5178d37f9205a9c2a3b2d14ae3491132b3ed,female_feminine,,fourties,38,12
af9c15b78f47fc932ee4a2fab15488dd4295f87b2a3359c855aad4f383b20bced882b0bb7ffa51fe7a08897bcd7370705108bb2cd7dd3919806d7d39f2209c7f,female_feminine,United States English,sixties,215,12
b00573e8183d0e309e85451df0fcf2467a17a1a13174021062da3e4b0f13cb8a2e20cc3fe2d13e76f2ceedf17deaedd5f03f57a4da5e1cb608adbbee77dac7f0,male_masculine,Canadian English,seventies,12,12
b0058552fe8bf052c08a228af2231131bcd6e3a10819d4c52749e9525ba65afe4d8e22179cc1e19cbaacf35a4b5d87d0eec3d68d5e13a5d8b59433a2577abcfd,male_masculine,,twenties,55,12
b04e3d4f36bae41d02ef47225a188d5c33ef13f5171fa540996fce72430db1b8e82ce63698f0c99b4e5aa4ebab827365a12aac6b5388a459883117a9fac0afd6,,,,14,12
b091b82f95789f37b5e79c2ee04bb39142c87a43a3187a502fea3dd13308a5e60601b38708ab7aa48faf310dd20d62bff2a4ba9c4d31e5a0bf2d6fc6f5fd07e3,male_masculine,,thirties,14,12
b0dec8b933595f7b3b31f4f0254dd28f9afe6a413d8deaa03445ee65ac07bd7006f05249de26303cfea40523e5333441973176ee63f978b64152a0523b641941,male_masculine,England English,thirties,58,12
b1385a0cd241100399f0c75ffc0a8ccd81f2c58e0d39c5788862f4ef800dad25b5c14a1419bbc0062ca1b849064bdc9ffb14cb8ce26aac87c5a669717f99319b,male_masculine,United States English,twenties,23,12
b1458b769af8fc8254b5dfe6ec1188f2b495edc6e345ad3e95d6239c86658baff929458bbb57f034b642a3b024cede80fff1623360a531afc77f11a847bc0edd,male_masculine,United States English,twenties,29,12
b15e81b74f3a01152401371744ce17a419c45a9415478075dd9d5dab5818374ad025c732871b55b1d5242f40357f577ab2dfd02950081c195bf04dd7b8aa7910,male_masculine,"India and South Asia (India, Pakistan, Sri Lanka)",twenties,311,12
b169f29ea4179ed2734939e6009e537862efc68976955c4bc88a4d9ef84e6c4c51911cbb25d827739159301cce02a9d8a9883c183603c65a3420c65698c94555,male_masculine,,twenties,13,12
b16aec5eaefe46b9d08bb73b705344b5e9dd18bdda5ec934529ff4f988f42b03da5d2471ae9ed1740de8028ddb3221d6002a6d424641ac1953393830ba781be7,female_feminine,United States English,twenties,38,12
b19e62851797e552071bfe9fc898f6a653ff5c56d00a06435fc91fc6d464fbd069f7cdbfd4580f8bd98881db115504fafe2d9fe5b84c4a7d91c660cd2ea2e092,male_masculine,United States English,teens,13,12
b1a245ea5467cb7baddf7cdd50322f71b706da5037e23d75efd91c6af454b65e8e4ce6db3c32c8a705c3f12af6e6cdd66b3e106f0087baeabeb67a39808e0102,female_feminine,Malaysian English,thirties,14,12
b1a720cf7f2c8cd12c4f251495571c36eb8f76c3579af364d3dd6a38113261463b8a5866ae695744ea8205394b261918fbb9e1b58213dd832b1025ca588d6709,male_masculine,United States English,fourties,24,12
b1dfbc59f9db853b5b51413e8fb59e531f81508e1eba6b48fb94e1f19db65adf6c1903c2f62d0257b989e1e80d58e8e743eb65b999affef8e3677102e89072a9,male_masculine,United States English,fifties,12,12
b2400833b235ea5ca5c9461fa4f13bc7b675f2a63f60a83ad037a53f1de913d1860e1fff9972ce6daf1eda4ca1eeac1b0e3d774cdccf8ade14755131e5fa36f4,,,,16,12
b272b138fac2fac474c630d6a5baae4f37dceeada7be6c5111a9509fc667594ff3f732a294517c30e0913c11db4849d040e6b37ebdd4b8ddb79c388628376ef2,male_masculine,,fifties,23,12
b28b715487d197f1f30608455a2f29ea4935533c8648a173f51f5d6806591d024d9dd330a05764d4ea78c2dc4334fc7c796798158151e241f5e3820bf900176c,male_masculine,United States English,thirties,18,12
b2e6ab6e09902afeb053f1d722553671229dcae0a113aa243831db452f4c1dd9e4155c9f5d66162287a27a8d0fba082e3bccc5f366b325cb293d1c60467e2b64,male_masculine,United States English,fourties,32,12
b31374d1ecc336902127763bfc7a91a03e738b2eeb92b377fe7e10ed5235e3056eb646817a7a4f82da41accc6cda4d694d11c3e1d8e6c5df56f057cc53b5e05b,male_masculine,England English,fourties,12,12
b37a366ccef56c7f59f7eb3f3fa6624adac9fa5744dd884101932705692ee2331b504de9e62276f113b9b17095db66b9a4c390a377459aa2ad13a6acb61fdc9f,male_masculine,United States English,sixties,23,12
b38b88f0aa5821ad43960f48955ffef20324a589315f9c4e81687154da0246c7617784b3c28a4af21eb98a7413713ac1a7add9e3f3b6a14906796780e9126d44,male_masculine,United States English,twenties,18,12
b4114163d201648cf53ce6a9ab272fb0eb9c67a2de937c78927bec4f05255e832b35286dfc10af1010441343139aaf20761175f488ad27462b6d76135eafdda2,male_masculine,England English,teens,14,12
b416782fb5a40579265d456bacc561b14eb323f9600084aeb288253bb085d9478e8314a817b79fe45f01d4fc90b338bfc617efe7e153ba9974a69b8898e97ec6,female_feminine,United States English,fifties,15,12
b419faab633f2099c6405ff157b4d9fb5675219570f2683a4d08cbadeac4431e9d9b30dfa9b04f79aad9d8e3f75fda964809f3aa72ae9d0a4a025c59417f3dd1,male_masculine,United States English,thirties,1198,12
b46d39377dbd8cdc64a32072992b3dd64598d10d56ae41b2f35be11a4f720289768b4202c7daa085552bfe06c96a8021d8003f59bb76d628585e962934f683b9,male_masculine,,sixties,59,12
b4980f8a9e350fc4560ae3c4fdd8599473d4b149731f3dc6260e048939689fa4542ec027d8d4b483e4d158681648ff22aac7a9a0385d24f97f1d2c1b38942105,male_masculine,,fifties,12,12
b4e19dfab5a3c6f229fea93118d677dd0b2bb61418fbbeb4eb7a28dfd3d34c49268a4893c5dcbd8eb4a8926a2dcb560dcf2f34781b0a6b5fada53421203903ab,male_masculine,Scottish English,twenties,14,12
b50ddd0c9a91c70c818db6d3a5c11ac68e3bec6363ffb1329323c81fe9002cecd8e20cbb15cc4d1f0862c1b5ce1480f188f04809396bb734f55c7bcdca7e0fec,male_masculine,England English,twenties,16,12
b5280ec725b93c9f7a5011f77706d2c187de5d666deeeca8d9fe6c21f6d1ca800d40c522a94836ea61e1b1bb6078481e0adb673c64f4be5d8e11be110d341acd,female_feminine,United States English,teens,14,12
b532fb393a191767943d7f076a96aae06f3a3769a479889501f994e7bbe11b3e7a66a00d63db1257ad271ee26388f9c5fc5fa83fc228d51127abbe82acae72e8,male_masculine,United States English,fourties,18,12
b54335ce95b5b62c9877179e87db27836bfd48dea9db450ab3d81b2b2c97fcedc0e8d23dcf33aaa7eaef4d9477cc20299e81ffa79a1fd9b0cf241c98becc739d,,,,41,12
b5881ab60ddb00d6fe7237ba76a6b6df360122e6d47ca10204e548ab1dfeb7e9c798eeed1ba84f2d0f0d5c3f32567fb76a986349fb044dcb71e940f6507ad074,,,,13,12
b5c6eb9fcb6cf714c4cef913529d45f8ffe4214e6c43059d302183ac6572827107567074785ecd44838f473179905fd8e89583596c574a0a16abd81d2db3126d,male_masculine,,twenties,114,12
b5c9bb77e34f76e3130ba662c4ca78975345e97102b27b4b0fa1c4e4780e078d0487746e577e24531eb5370dd51cb466d469a66dfc378b61001c198fcf9c8756,female_feminine,United States English,teens,163,12
b5e288ad7f2d9539237e645bcb23dc72b035b3b57ccb7406470a43f913261c2f633697c4299dbb05de6b8429ad41d877cedce398de0f4820fad3b25f7855e92b,female_feminine,England English,fourties,15,12
b5ebaa3c21edd018a574764bb71cd46d6b2146e72fcbed1a0af7b65934c9dea6dabe6b95e350654a9523e4abfe3573a3f65cd68fd04a14da82762fa13fddf23e,,United States English,fourties,18,12
b6245332d4bf33d8f3e5954b0839a1e36dce401840294260f16179ee3e9441deeb35f84aa146309bd113a647baf7ef33a72d9616b56669187c6ee4de014651da,male_masculine,United States English,twenties,48,12
b644ae3b2f82a9ef3f6143326617509097ed4337fc0123d4b854be26cbcfba78bcc9d370d1272c725e15370c6ab4220d608d578780b592047cae1edbaf1d7d0e,male_masculine,"India and South Asia (India, Pakistan, Sri Lanka)",twenties,80,12
b64f4ac6ef87b2757dfd0c223b9726a92edf0a773cfe81e1ed54de0fd1728c30b8872614e46b84ee4de5bdd6bfc0433f77bf9534cb2e6252d1e5621352b8181d,,,,193,12
b65e517703cad24372668596dc8337835b636ab19d15cd5e037b8bce1baca40ad7b0c14b5da436212ca43b5b84dfce1754822ee973c7e8ff6646c1807eccc662,female_feminine,"India and South Asia (India, Pakistan, Sri Lanka)",twenties,18,12
b662400ea9e9dcdcf61fa40d0d4bb1f311b056e02b4a07be1df1ef9b745344bfa44b26e85c96e3cf4a724e223a8dc43aed75da961a00553aee64df3f221c6df2,female_feminine,United States English,thirties,12,12
b67c0d7c980b6fa1325ead7a309801c05a3a046ad7e0b213aabc006a7092fba9fcba891ea8368e9ec03807a915c79a3b3866b19f1876759c03fffa8fb4881c68,,,,15,12
b68d35e57012336f46e5ffa7708d0e2b93840aa29395fddcdb898eee858d9e94daf371f9ccdd57f7a0ffa05ed1896e7988ea7308efbaf5ac58e28efccaa17cb3,male_masculine,Australian English,twenties,19,12
b692a561b7223bb0ddea15918a80e02c7219c8994264a22fbb80d07dea34833b9073b9b7edd5dd01b948e4b99f2d30b0253c80ccf1c63c9acc7817bc16d128a5,male_masculine,,twenties,15,12
b74ab1c0d457168bab7f97306989829f30cd8f4774df2e775d2690cb4ad09e481aeb436e3bd807efff38d45e1d9c26de15f3567a0a41aeba824675b5a18519e6,male_masculine,Australian English,thirties,22,12
b7a61c90a581a80c02b281bd9cc9367c4f0cd4aae74df6ca12f0aa6f6863fb6f72940aeadc2d1a20d69749b24b11a6cd597b8144f35c65ab6ab231f31076e625,male_masculine,"India and South Asia (India, Pakistan, Sri Lanka)",twenties,13,12
b7da397b49d405aa435c7939d83ef9f0e32848e02902ac58fa9b7467062ff2e59d8ea09a654ae3ab27fee95b746b1681698b5f4602c98b119c6ee4dd622db069,,United States English,,20,12
b87dd0680063cbd3dc57f5b9b20c14f020f511c3f18467d52e816db909dbe2be05b8ea36a4bca91179503817a1b093a9e6036abb514c6ad1aaf1ffa71b3d32ce,male_masculine,Canadian English,thirties,590,12
b8d5e51d33caaf17e0ec7ed6477e330eb8c995e8ec090e0ed880c19bc51eb094b660c63108c1ec4674f4000ffbd5ca01e1890b06b7d07ee47060b9b85bc72f88,female_feminine,England English,twenties,17,12
b8f3f43a6dc3d1619720569fa59e7065ab99c2b26a7c98d17f53178289badd79eb2be4abd6cfb2e15b46e447e53d773d8045c0928fc340b575ff1c0199ac99a4,male_masculine,Canadian English,thirties,31,12
b945bb532519b19e7981a32662629c70f8a84f637ac59859aa83ffcf5d5c30b594143546d8ae35ccb24c5ad78158ee4dd81cb7ab72054035eca20e208aeaf2eb,female_feminine,United States English,twenties,29,12
b94e2e771178b8201f5058eb15bab83231aaa0c9a21d0e18ac59b14e8b98499bc4875bfcf3478bc38d49ff850f4245db12dd78258e4e9542cb9f18f42cea4758,female_feminine,England English,twenties,26,12
b95517d81663636a75cf8a84d3c8ba1982ec05115bdd5e8e15ccf2f32c7dc370a36adfff2d80a414aebd79b32295bc993015234b82a1173d787282cd0bb92e2a,,,,19,12
b97b7d9482144aa5c53f3e753904dc0d24469409e24e81217d07817636a6c26a69fd2aec9b1b7f89a5eb1efe7089f843d0fee0b3c1ed16e021b928aad875b1b7,male_masculine,United States English,thirties,30,12
b9b914f4081fb9fb972726dfc5c466fe496843029d821ae09c3e53f4b0adb1159c6bb1a9c1ae1d935b4186587292f491c3661118f7925361fb8ed21c316eabb0,,,,18,12
b9d5b4440171f27c8828d397e4c5f884fb9711f1578560530cde5b071a4ea9f6ad48c5440d615a01787845135dc029b39a90d3dab7dae653a145c18a993195a0,female_feminine,United States English,fifties,16,12
ba001b8981452b0f53a34407ce0a848143545733054d1d277437e47644ad871e93614f152ee9e0203a88213f3d2037d6893ff8d15722fff753c9b405d6070a3c,male_masculine,Canadian English,thirties,74,12
ba00dcb8314cd67b53c9de11677016d48de9ff5767daf7d68c8dfe4fadbe4a4f7268fcd85b5ff3afd0b5260eeca5947216d479415c77a42890e8e42190283848,,,,23,12
ba207bf30d3851f7793e6860569815c921e8188f01d7b07865722d55f6cdbff6cdbdfc37f5199ba847dacbd6e205148be54d7317721cead48ebef99ca43b611f,,,,31,12
ba83aa5a73001f8b2e37bd815d0ca28ebb93054ac0d1207e352b0e3ca55a63466211c578794c6b9f9e4ae193c9347dff7ea9ff80fe5be3149603a668d87b2ce3,,,,16,12
ba83c78fada6735de41f3e897ec1b2fd2ffa9a1b50f6170fdca79181468335c1940ed6540fae0ce4afc3b09c202c18216d56304924449007beb2d3781e3e31eb,male_masculine,Filipino,twenties,19,12
baf18f49afa25da956edff78f73a098e3bb53d62be3dfc12756cbaa322641034c45fe02d3add4f87d33a6cfad788e12fe38128955fd24c5fcf2c5859cf9d9c61,male_masculine,Australian English,thirties,42,12
bb11b3d2b69d5c672eb4924af6bf46447a193f29e08ae1bc0a834a271aaea698c9ab4583bb2cfef9d18d10a4ac043db1624968a1eb5fe33ded79f7e4e737f31a,female_feminine,"Southern African (South Africa, Zimbabwe, Namibia)",sixties,13,12
bb1e5d029d2b0659f0f23e3793bc423c57fc559941423ad259933a213e0f089c93da9f588d0369985d859e480cd9d0abf0dd3c2177e1d8bc9ba7a3da4c2643de,male_masculine,Canadian English,twenties,24,12
bb6cff6f9118330e22d55229437dc78abccce85947f60828c549816551581604868d191c8a6db75eb034a2dcaedfe7906af23a846a5b60fb71de59bf33abde91,male_masculine,England English,fifties,31,12
bbbcb732e0f422150c30ff3654bbab572e2a617da107bca22ff8b89ab2e4f124d03b6a92c48322862f60bd0179ae07baf0f9b4f9c4e11d581e0cec70f703ba54,male_masculine,United States English,fourties,139,12
bbc6b926f2d6f44adff7f4d3691d697a928dc9b5dd40a06179138e61ab021a54d0f151594ad17b6214f977963bd0f0b84b146539e9ee7afc17345c611a031c80,male_masculine,,twenties,17,12
bbe3ec9e9746fdb7a9d059ce97343c079109198568ed03e183091af91b3f292be302728c554c23502f21fe4f788a9bebfae3c1155df03f1641e1940489d1457a,female_feminine,England English,twenties,20,12
bbf090e6e283e4e37184a2e8d18c4e8b316a072a5565f942ab1fe209609ce93499859b1bc6b7111be2f33203c2746e5c37c57a3fcff52e9a7f38780d6fc39a26,male_masculine,"India and South Asia (India, Pakistan, Sri Lanka)",sixties,12,12
bc000361bb308482e7d01b509f5c46ad62da7437fba616578239fe9d6167d1ec4de3a90f5dcaf2016740058668f52c53a1b5b1011fba0876c10031217178988f,female_feminine,,thirties,59,12
bc06ba600128af09ef52a58647fe1bbaa11ff684a73c76a7e97256f018e0a42784094777b3d1c0463a91720f670482cdd14de937f9986817d45b1fbcf9692a3f,female_feminine,,thirties,53,12
bc11199cb4e721a49cfbfe77caba0eedf1d7235ec6dafe71aa33f8ead8361be1b0835307751bdca3877a8cc519457a3d27b7a31086539b6db1e0248b96b4cd90,male_masculine,,teens,13,12
bc5a71e9a79cb49f68661c1eaa86abe855b84ed3f880445aaa45ac909a3040e2630a5ba3deeaa5ec5f6aa890d75410a52d06562af517b286e67b2cd539b3f4a4,male_masculine,Scottish English,twenties,26,12
bc5f6c63de1f3873912e0e0579bff7e6836aabd48305c4a0dd20bd350c4e8d1cdddb739adfdf712386e31c128965a539e06c9b89e24ad0c7f04b0ff9ebe0c3b7,female_feminine,,teens,14,12
bc6842f7e140397b505f5329aaca34022b3f8e999b01e0436bb66dd3a21a5614f7a4f9d522b37d41ea0018bc8323781a97b055ff458e3bedbb436d5f292c7373,male_masculine,,twenties,22,12
bc7364cea65df9cae179405c482017c2162e4f1f91a153ea77ae41db2755b2498f919252df3598ddb1d6b22b82425c9a4a302c735d445c8f225fcdf5215fbf11,,United States English,twenties,16,12
bc980cfa87715caf73949360d14e8823f294622b5154674b33c96c9a88653230500b3973e71c1b7b23681926ba4ed02740a96c60c4305e6110aa83d3b3121175,male_masculine,United States English,teens,20,12
bca218cab72e853d999ce87e6236d4d63d4f88dd186595cc955d58bd26cf366e621a75ae440fc4f34dbca0b1e4ad204c2f9b663d64b4bb575be2d5b9ebb6d037,male_masculine,England English,sixties,20,12
bca3c0318d2ff86bc0cc4542e27e1695dcf2738cd66b5dcf737af8098fda1440273b8f7e948995d7bf3110422f99f520f7ca908ff46344b406c8d672bc619411,male_masculine,United States English,twenties,36,12
bcdb992be7351df833d09d9a7d917b6689f6f476b76347deab2646c81dee2a4c26e8477e6b8a5435a3a2b9257f63e72b9b89bca6f531fa57520d7c6f60772637,,United States English,twenties,25,12
bcfba1e62dbbd9097e093cb93879fe53251abab767178ddeb9644260757dded5980d46933b48cce032b3c792062eb3d6b8d3107886a351a48aafbca23d2771d8,,,,14,12
bd33e59406f35489830bd6afa9d868b952fc3287b343b80dda1c162ace9240235edf0f18c90d106a637fe0b8f6b38a3e45461b5aef6e56fb6685a5a037ca4c88,male_masculine,United States English,fifties,24,12
bd4015d2bc530d42b8e118fc4b48d4c4c6e5fdd72f3f92f4d9c9dbf7d29b48dfa23059258e257d3caf3af2f2a6784a7854eb0e77b54985c84f1d068c3709008c,female_feminine,"South African accent ,Southern African (South Africa, Zimbabwe, Namibia)",twenties,53,12
bd631b28464f4d8218a5e395adefdd436730e0b5f85795ed8793075717ace807018e1b73fda4a47839ef724d64d35753cda3fe5d7fb03cb6b868b185b2ea7353,male_masculine,Canadian English,fifties,19,12
bd6585469462c87c50f7a8c3462fee77d2ac01e211dacd5d34949eb718608a4dc66fa00b6d425b3c7794b736dede710dc4cae647f6904f89cdaf7d0e1d61a502,female_feminine,,fifties,36,12
bda9735882bdfc8cf0e13de4675266e9206c1f8450689f29f5329c87446b07fdb83a5c57963d724d07a9a1cc25c800ceb01f9f9bbcc1da489b3ec1fda8c377bb,male_masculine,United States English,fifties,18,12
bdb9e7b61df6b42158b76c3610b9209b09e9c9dd62eddd23c8957bc48183d3bd80dc450d0b44de874448c394e28becae04fbc03f1c9c2db817bde974ee05436e,,,,50,12
bddbe878ccece9192015412e01c912f20ef3f2de70cc0f986daedfde3ed29730e6e61355d52077ba9156dd9be45579afb444b4631711e3832966f3502b9119a3,male_masculine,Scottish English,fourties,16,12
bdde3969049e54b39619b71aed67742465975208798f32ee76863e71ee93354081e0e0098fa3e85d0c945f3a62b69e32df1074a275db736dd23895a023518b2c,female_feminine,Canadian English,sixties,34,12
bde920a6a61b674d1c82dc98d497601e79c68c79b835623cc296f9ecef2c03721e3e9074b3da1dfca547c91ff6bb896cfd0a081ebe9ab2d909eb7be8f40bfeca,male_masculine,United States English,thirties,22,12
bdea72a9d47e94442507b87873c49c1edbfacfffc03da98530d551fd2f39181bb8e729816907572bf0fd690058342c79ddffff1476a8a0454e42418122d7575d,female_feminine,United States English,fifties,28,12
be2d568efa5c0ed462af31129f15df0cd8c0812f09831aa98b31d4def1fd671bc8e59850391f63ba975baebef15ed0573117e053cf1773792a77db535de582ec,male_masculine,United States English,twenties,44,12
be349663882400f4bc7a15148239610783b92069946153359aeafc06ff5f9af1dff68a1ddaf5f717461d6190f3f59691cae4a7af12732b460fdb818eab59f89b,male_masculine,Australian English,fifties,24,12
be4d6c000ddacd19ce5d0d7d805ded4aa11a6c541742bdf49e09970b65814e16fa6fbb17e5300ef78c573a14070f9cf0875afb39393d857e469d0e92899c016c,male_masculine,Canadian English,fourties,42,12
be4d7b662c8e9709ee944a0c35d50c677df5cf01373a264e5f7f7b2e0bb74ef2f94720cb3f0af211309f65281dbb6ac3a5cd5014ce275154d04edd2ff1275729,male_masculine,England English,teens,46,12
be7bd7985981fe8d2d3ede3b202ac40d1b56e2405a5d8ed61befcdbcabb635b2e9864f3a3b4b7d20898f98109383a99d293bdd4daced3663534f5a58fb49f1f6,,,,13,12
be7ec154b8f7d6491e749304a7cbd6ca80393c9088735a701c932278794eb4e8146838493e38c0d59b2c1a2adfe9c9b653b9e7dd0ab2aead9b7d6714ad27950e,male_masculine,United States English,thirties,26,12
bf07d5813d60ba35d3e2db7833a3a4df1033549d2ae25b96547814ca645f59eeeb7d6cc1c429e826ce14d9319b139676315cc0c955bb0c565465afbda48b270a,male_masculine,United States English,thirties,13,12
bf136b097c451732ddec22754dd281694d5093703c4eabd442c88fa4db2aaea56f69d00bc4502d5c0d79ab3a667438e6cbaae3b708779d2cde8e0533c0b190e3,male_masculine,England English,twenties,42,12
bf643b955f123ef9dcc5e7c5804e9ec6d78907606599bca2e87ca324efef958f062de6d6ce22da7bd9ee4750da72096b7345f65f52343424dbd981244ff8a1f3,,,,34,12
bfa9c52f8443da3ee4001e621fc039587a20d86c58338738ad9ee02cdabea292b3200e714344ef02afb6a12c43a6b2347b28d094e16d73a2f771bba2361f13e1,female_feminine,,twenties,24,12
bff1bbff1646c40000223c9aa8bc0a7bd6e23df2c26f9ef44191b5e9001189c70edf38549ca69f470997de7e216d4a6c466e86e614e26bec4c44b45828ac0b8c,male_masculine,United States English,sixties,21,12
c05745e44dcbdd93c26dae5729cb49186ed195248d7244d45f6b44cc755c00d3d23622417b13f930b0c6f40e91ef2e2ca26f0d4255d830a5c9e6c204e2a47970,,,,18,12
c084baba1bda5cd9bc26c12b228072b727ae26201bc70ac6f7c3d45063fc25cd19535d6d0480dd6d0c5617a5d468a0c0d8da57b500f5f7f26923ad1c09307745,male_masculine,United States English,twenties,28,12
c0925e6e2809436892b262329976513227b4f5d7b0a922b3e6e7a9230eb67a0a130a9d6926442ea4cb4c32228cedf9dcbfceeca965ad46d0c4c5516d5b405b63,male_masculine,United States English,twenties,42,12
c09a636a7a50c3f5272a8f094aac345f8f49c357acbd77ba59267d9b9014452542020c471a824733e54d4f80abead0ba553e914b8fd068884d7a20a62fedba8f,,,,25,12
c0b583476807fc51401c6064438fc25a4a8d35703ad4c82b6e3aba4165b1b4d8e96499310ae12e59865be5cca5131ce9ae42e9973df62e522e152764929f38f2,male_masculine,,teens,38,12
c0db9d9daa16d98de5f4a09f020d77888bc80fb6d873800f581b8c4d4935f3720aaad152ace1c339899be10a93a5291a61119311f04084d5798e5470bf1a0ff5,male_masculine,England English,twenties,16,12
c0fe32bac63de60315d7b9a944bb68fc3e4c22a91b7623bb8e13a0fb945ed403938b4457a3f4a1ec9b50ae122047b72cc07530e2941da94a1ae6009c150cc859,female_feminine,,fourties,49,12
c120fad6205991947955b49f624dadce93bf9f952a73fc655dc8fc4a926753ee2fae9656717727d6f0706399ef0b4163beef5c3fe29edb5f77cef61791a2e632,female_feminine,,fourties,15,12
c12542d595f73eb1793ae5e92d7b7edca0cb468553fff08476412bb1ab6d29444de71444280930046f8dfb963315e9a4bf072d71a32a719f047dbc4248fc1170,female_feminine,United States English,thirties,12,12
c14b9bbd3e1cd4f7f838747c16fe44d1cad14d89b7dee1295b55301f98fc398963e56ed9f91017c4ea50908a30dd86d302a5560336519f5e27849b3bbbe85ef3,,,,44,12
c17441254c5d71266652b2c84cbdbec1f69f60c661c9f01be26537f6122a86ab07a1aa10c152e84c2892b18e9f1bbdd518ee681a2f5f35652044d18d39023064,male_masculine,Australian English,thirties,35,12
c1a71237085b022f2c0dea2bd668bfbc7e9ee74c8be807b622c2137450199300cb44839d0f54e5962ef3797bbd28b064852b9c2ebb75b23230f2009e3f7c2a71,female_feminine,"United States English,Midwestern,Low,Demure",fourties,111,12
c1c511b20c1d5df7070413b214e3372b8076337e103e37c810bb81393e30f18150a1e9ea56b08445a37c852e216a68e10e690bda48d74be825989f7be42d267b,male_masculine,"India and South Asia (India, Pakistan, Sri Lanka)",twenties,17,12
c1d9b0b2738c21e4aab073c46f5efc339aff4ae258134fa14ee85b0679f9209157eb6c78942000e942826c2a206286b7dfb5705ec032893e822e17ac1c1b4451,male_masculine,United States English,twenties,31,12
c1eccc85c3d52e5db2c10f030b24d87bda23a7c3e498c985b09462b2bc6dd814b34f9050b92f5d31fac1ae5827a98088c3f07145b10ff44a9ced6d14623ba7e9,female_feminine,Irish English,fourties,23,12
c1f601dc9658d956de6f823499d7811cf123f88bb138b9f4bebb6ac365a3127ecfefa039ddb1ad84b55507148f2ef3dbdbc9271c391d72536eaafb0d3eb32b14,female_feminine,,thirties,16,12
c2369f2ab0cc3df0539b41a29c843aa8eb89b3a8e561ac36979c7dc2b2d557562162ca2ff58733c03b12f427b545435d50164272d26e4e5a395fa4ccc188d18d,male_masculine,"India and South Asia (India, Pakistan, Sri Lanka)",teens,28,12
c2f9823f99efd104b16583651f3b8f8ed29e5f28a0655f5ae0bdfc8f0df9468f008e859c255b8b404c836273baca98c82c4c88d0de2c19f8293d4b1e971885d8,male_masculine,,thirties,19,12
c319c389e3e8e48dce7dd3d390b5d640668109e6236873e1da49b5e4fcf96254a48703a5309c3ba23d09d60d40c64940e674f07201a710cc4b21bbc0e02f5c18,female_feminine,United States English,fifties,12,12
c35e9fa85c6123d7a22d8e77866d8272eea689b20d157addcc5f00bc39db514b6bbb3d34702c1513f382379bb62ede67e81ee9cf653742278ab6c9dc8172ceaf,,,,15,12
c4215a63594a310a1f1003e4cc4a990ad4c7475e8cb46582a77860e27dc59993062e0d817ccd56b5eea9c8f436b1ab5140e7b4a616264571c5836dfd87080ca9,male_masculine,United States English,twenties,371,12
c42a23f67177dda1636890108c1e4bdb0a076c2e6a863ba282eff5f7753b76902fb745b9e6b9ce2ffd2f7fe5c150228e15ba0bf7a36c23a5000470a494878d53,male_masculine,United States English,fourties,46,12
c444b222cc72405f6e4699881c4391c0ae3ddcf8ef5e5a3a9dc62b2e6c0998aa0684be46f3c6a9c0057d76b5f2a78517fa3137dde92f5b6a6f5f86b940187141,,,,30,12
c4456bca19d58d320968c03f12c9d12bdab17c1252356187ace148ed18701666155b3b274abf47ca0d43212de748d16d4974fd824c8cdcef27dad525e437b62e,male_masculine,"India and South Asia (India, Pakistan, Sri Lanka)",twenties,12,12
c45e4416e6e821efd5f823a0fadf072a22b4dfb581dc8a8f0bb1bcdbe37c465d4eeb4e07122728166d16a61c9ca31768283a08c6a0e9c5afb944fa213efa8203,male_masculine,United States English,thirties,16,12
c46b47eb5d1c58daa8212ea8ef73c27d0f4ff0f44d8a0e63b0f3114f7a4f2074e010af4cb5df24bbf29dc3e0fd52f637964602d3f50fa1007a3bc2bd7dbb9690,male_masculine,,teens,98,12
c499e99d3ed16615d50b0b558787cac861b76f6c402b0adcc7e4450abb4204f7b791e3846469c794392075f96897b128371585758173bcdcac3dbd961c0d70b8,male_masculine,,twenties,19,12
c4a05f45f97d490bd513adca7ca171fae49f6d1c1f1024312ccd0fe1d179f2e4e7009789f1fce79140503702698634d6f89391bbd150fda6e9365243bb02468b,male_masculine,England English,thirties,19,12
c4a83253c754d433ef296aeb3633767f7a7960706a60265cf5bbf1e9fe4c40d0d295e6dc40a6e3f93a0f6bc5563ecf1e818d2af3a332f0613cf4de4195f68563,male_masculine,,thirties,31,12
c5e6fd979dbd161abf0a06095a27ae6eef6fe2eeca9cf50588d911623674a0a7d8057137559b416189d982182f4613294d17d57a6d422683f2b7c959db089f26,female_feminine,United States English,twenties,43,12
c6934ca65d7a458565732f521e7efaeb921647029bc6e352178832c03fd1a43a809a323bf47ee20feccfc110dc84910ddbb31b6cd26e293a005a8730afdba8eb,male_masculine,United States English,fourties,18,12
c6e13f9f057657baa4582764a6c52d6a7786a748b22c04771f680359e65765e20aa121c8ae40fa2fe36d8f13ffe57ef031434624a61ee4a558425f0a50dfa79d,male_masculine,United States English,fourties,25,12
c6e59eed5dad38761e244a1149e3be5a1f7e6527855ec2257a86d51ce7d0a8570a536e13a06ef3b37458669fd86abcb670be99a9d025e1f3d308e57e8419be0a,male_masculine,England English,twenties,17,12
c6eceecdc22e807e0d317db6e61e72cd0a46a5de7754f298924605aca1a6811918cb0ed07e81be2f8bfd0e04546f7027ca3ad2fcb9a0bd5fbfc221c3914a7964,male_masculine,England English,thirties,12,12
c716fe4a1522f934488215b5ec5e39cdd4470a0874644d7ef73ba06bf1c6fa18128320acd82c095b0c660fecfc9595cc22015c7ad11faa166f0ca010929d1fc1,male_masculine,,twenties,15,12
c7474b331a938aae895fe501a995e3aea18329d8ff45d704aee49c2e0a418d4b106c8fa374a90a417a464fc7cc80c5f9529dd4902930a291f3a20bdd69afd9c4,male_masculine,United States English,twenties,15,12
c7974e5c44f9c93f258db80c7756b79ce4f00268024d29194a8b1921ac435efcdc09b93432b747f3068626967c067092827c9f292b4f175b500185ac812b95b5,female_feminine,England English,thirties,21,12
c7982ee253280dfb9917dd59dbab23104c1630ed4c0e2e346c3b5fee5a9d60dd0c1531369fc987aae85f8e8989c500bcb508adb9c81fa4776977582ecd244522,male_masculine,,thirties,19,12
c79a56f4e5da551fb69c60b043f1e539daf0f567773821753adf9826d06de2667d449b8db6bcfd9d15557e01ff6e3dc9894b01ff1567264c5944db8ac71fe356,male_masculine,United States English,thirties,116,12
c7b4908ac1c4a68ff6856339f777a28ae83e4fbba5583118d3994d9a6f2ea2b9bec1a1e801d2c66200fc377710167a7279e31fbe4e6347ca44c13198ce1a844f,,,,13,12
c7b7490210943e6bdf5cabfbbc585dfb9bd69efae57fd41ed53556dc84ac9dd25749f28fa05f356d47228e60df009deda8011c28983475bdcd3418c3c0a0ba2e,,,,20,12
c7ec823b5dfe416109021a2ad199221f8ce086d35843551491d6e49a8b246b9d8ee4c077abb562f6053b3dd2b86ddee768a591ff5d7618980d5789fc6a8e2ac8,male_masculine,England English,fourties,24,12
c7fa9b2502b716b516b076ca89ff79e29d183ac0c006ce10ce33b61b0cd08542049535c83a89ff71168375d4a3bbbca2bcc25ecf5cc5f0653563862b73121cd2,male_masculine,,twenties,261,12
c7fdd871bab94bb19a3198cd691fbd306e8e603c755cabdf3a328f360500688c4a4cc599ffbeea7d9f903a487957e917b8aac029f0907b95a3671001aae58f65,male_masculine,United States English,thirties,13,12
c855f42fc6d2b8fac90142a46f73c2edad774bd8a1c8eb6932dfcd88b5e9dcf585cd828451e8df47ecbf33c4cfb2a7e0eb7133f22e906437671fff46ab44fc3b,male_masculine,,twenties,20,12
c86b21de1eb4adefe4f7b1aa313dc3278d80a1b4b9e9f05e9748dfae563a1de2499c78a7f44cf4b9525893d008d958a1224d00096844e9fa5284b20247da7974,,,,18,12
c883276020e8c978e7973c91dd2752ab7bf64620aa7820e850c5b099a155f700a1ee3a2fa0bf8ca79bdff79c04819ea95d773b980b22722caf6bed26a4e4c05f,male_masculine,,thirties,12,12
c891b3370620fe609c295123b25ef838bb0a735d3ca17c7a736e0ccd02951477f0a7d0d3615f9ef71d84fdc93baea83982eb3d731beb20402117c70a25ec66a5,male_masculine,Australian English,sixties,73,12
c895f6ffc789443e064895d7a9eef515f9c01c86ff78b4141d2428a6fab1f9a4a6a52723124cba3640a86204d4ff027b96172a2738cb57943a336e044d934f24,male_masculine,United States English,sixties,197,12
c8cd20d060f39c2eb6e74f8830aac2321b587b86f1a13b73808556479d860c9458a9d4ab68bb7a854d27af0f7d4fe81e8d01d8f2f9223a1dc116408fdb431a6c,male_masculine,United States English,thirties,24,12
c8eab153cfba4c862167d27d70de1cc2543cbec12b5bcd9545220f702b10593bb6cef95af414ce251dc38f7b142ac1de45dd1127f6e83c561ec4f846dc9b69cb,,,,16,12
c90b53f826ff81831f6499b9e1e98607e8b2c0f8bbaf8be1bf62bf27dc7ff887bd734b9a4cee852af2d1acda3e479781d7c5a8b1633407b705905c4b5049cb35,male_masculine,United States English,thirties,35,12
c93527a999538f482302e872dd967514d7ea61d7c225e5a251397aa6fc44662368f6edb0462d0b9b20aeb8bbeda5d43d3790ef0d41d9137937f5cdb6775e2d6e,male_masculine,United States English,thirties,27,12
c944e654bdcfb2149fe0f0bfbde59d725da90ebaa04d374ff4f2f3897361c58de09fd4d2d588273dc55d94b6c6356a0221952d91a201475decf6fa1d9f47d629,,United States English,,28,12
c948b5166ffa7f0a17b7d067f7f99418cfe1cf101ee9b845047cdcb43911af6bc2c5f775f5099e60052e8edf9d59a2a0fdd906095c9ea0f02c8af763b2088235,female_feminine,"India and South Asia (India, Pakistan, Sri Lanka)",fifties,221,12
c966a77a7df13e908ce816cbdf36df0dc89cdca67b3b357cc644de62a965a6ed3463a6ea24e1f562732ca6f675129225e9653195d6395f8707b0cf777595502c,,,,16,12
c977d33bca3a08066369f008752ff9bee597525b59dbb35e8a279c73f06c25789cc24766f3018e6965cec0ab528179151d70bade91fb2cbfe3cbdfe45abb1bc0,male_masculine,United States English,twenties,33,12
c9f93de87e237e302b31d4d6c095b400cbf631e38f35548e5954a5c0e33aad90c8d1c65fe8e7726ca291a55645b96b192775c9b7b6d4914d11469e7107261fe4,male_masculine,,twenties,15,12
ca0c40e57f1b0c6e51bf3eb231c89c2db3f647966acb636468e9e152cd6e119786341ae25995d9a07ea0003a97a23960b395bd6a0522a9d31d6f78ab1da1c8fe,male_masculine,New Zealand English,sixties,21,12
ca4d4da2a8deab111c266ee13cc49978cc283e77b0ff4ba968e8f0eea2a7fa5a7374db2c6dfbd9c95ebfee66ca54ca719ac2fe9319f11d21afab2474720570d9,male_masculine,Australian English,teens,25,12
ca5105b381a177c5e6928bc5c1e0061732efaa3f0af0cede2a30410bbf6a783b0a5e4c3506404084c5e171437072d6fb036e2f35661964350e0bf3b6cd48cf6e,female_feminine,Canadian English,sixties,62,12
cae301b389d76bf2203ffb243ae9d80423981d24eee4d167217fad0ac377704a410570107ba23a6aaf26d11345cad96829e2e44d250c537501597638c03d6864,male_masculine,United States English,fourties,45,12
cb296c154889b0929406f79f37484dc6d7409fd2de62633d3d5c547344098815fd36757db5c6e6f784415dae157eaefc90e3d635393b014ec48829a4418d0efe,,,,30,12
cbbf0b4896d532ed8bfad4d3a82e356c699d62cc1f88faaaae8cfeca06bb2376e81af1802e342dfedc6673c08b59d030e0892299d0d516938fc4b40c0b9396fe,male_masculine,Australian English,twenties,98,12
cbe5ebf5c32d8ebeb1894e7dc8e6e0448c6cd3370d2e2b0cb60db2d1a375cc897a20b1106c01a53442f327efe35f6e9b91832a87e72d3a0e519d0a3644349659,,United States English,thirties,97,12
cbeae2c03dab0460ad75b3d4233ee944e95534f0feacbd491d4356ad0c98b8cd9d159b69b9e9aa6db2e237cb1762c1092c44c7890fa0e9200f61173e90c7b5f7,male_masculine,,twenties,69,12
cc0abc9548ff03e18612a858a6e501adcf924cf67fa076dd7f90f491f999627325a240e5f8a25387b43d81df494572e96e6185ef1431ab9e4de9246d533a8f9a,male_masculine,Canadian English,fourties,33,12
cc1908006c1993a9dab1da71a85de4dca081f45b934b6ebff3359553bb4c5f78f7ca1b0c844ded2ccc59649b10b7740520742f0568e2f303f99886684091d889,male_masculine,Canadian English,twenties,12,12
cc7cc15dbf1966fe301042b960b06893a68fd036d88915f4267b56d3d1dbd2c4aff1078274af41f50a01168b66f71b1ef9b9b12a6a64747dd70329071684590d,,,,53,12
cc7e6dc7797985d7c5d09a8db7f72f5e4ab65de1872d8e3e311560227b0d2bf1ccf82e612b6192616a2af4c76c051dc634cb94928c0bba49d2d5027c96decf1b,male_masculine,United States English,fourties,159,12
ccb3301ad6fbd15434c9060aa23c6f47ee3379d14e2d1adda81ad45a1b0fada4b91704c6e6980abfc1616148751ab24992b5035f695a86c6520d8881639bc679,,,,17,12
ccb7543db93b84d6d4804b1b819f20e688570bfb3e2f81b6f2659a963e9b70776592154f3731cefd30eeabb7952e7e5244b41ba66f493989cfb8176f7ad6584a,,,,33,12
ccdfd05e77575cefe9807264668454404dba19d013d2c47e873afeb680b3e968117335827d7b36db391fa9eb6553b1e64bed7429dd54f76393be9031ca785e3a,male_masculine,England English,thirties,30,12
cce7f9792f6b6e3532d2a66f15724357023b34fea066111d9d81cb0c18abc17da80eece95d10c76aa1285929fdcb6a546dbafbc758a11e36b654c51b5a5e94fa,male_masculine,England English,thirties,25,12
ccf426b54d5a1d7c96254d4bbeb6c0da8d2923224687fecbe8eb1fa8cb4485d5864e742547a56b69fbaea0378c5f14c2e676df005fca1e27d09cd8d99c796fdf,male_masculine,,thirties,13,12
ccf89f1f5ba95377dfbc6adcb8740dbabfb397fb7a12c77933493ee8e488319c9f3f730e4a929df45f4844a4d29d9037b5b2aab6682baf3957b0e81272b84c84,male_masculine,"India and South Asia (India, Pakistan, Sri Lanka)",fourties,16,12
cd185c1ab8659ae6d21d7b63dc4a5e54a3f65f98e29ff14138fb327a182da7d4f345551afd98a8ccdc09c12e996249ecc17603fc1d28fad84e4af8ffc38aadac,male_masculine,New Zealand English,seventies,17,12
cd1c723c6a46d6ef07b5f482ffa3373a329e25e2cbdcb3265d922c2870961f16e1460a87f7eafc046c5a45c3d28599c6c06022575e7dc32b89a5f3c45aa8b165,male_masculine,,thirties,20,12
cd3145981c778c5a5d6ef5d10a915a057fe6efaffe424288ccfdcb6931f8844953646a8b66d5fcf950794c3c5fe77beaf7bbdffe7cd76f26bc395ffd0bd45934,,,,12,12
cd7a1ed8add381b1b62f0f69ef437330c14dd635286c46fc78880d5904e3d5b50dc95c32aefccbcce34462cbbded4e7a2e6d08741b244ea2a9b6ec56cd508c67,male_masculine,,twenties,23,12
cd800ac926687385f3d94f185a0476733daca4a15aea866aca058b630a70437e913fa5877d529bcc0ef88b7278b351723d3fb793bc92360276d1217a8d51ce5a,male_masculine,,twenties,12,12
cd8dbf849e969a10b9ae6fd97a759771440c48957d4380b16e86bd7d12ad7f36a88c049e06762519964a2212fa030591b152c3abd6381bfd966b2a86ca4e5044,female_feminine,,twenties,15,12
cdd10f681f8a0c4d0d9a74010cc24a5135eb6ef7efd43aa599f892360e3f08d74ee17703365b289857068b7dc1991adcc374efbfbb0d9ee1979c7470447b5392,male_masculine,,fourties,12,12
cdde9f7d982271e5277d8a78b9a5652298a33ea158b4e32c59928a9c2f918598b08bd3627ffa62d012a09832cc2f148a48867e21a03b3631cd90e3b2f8e402ad,,,,14,12
cddecb6c71ba6be3234f61c72b95c023694031fa4a465ba63c21ec38ef94a3b7c2215f3ba54dde42e8c07a3951d1a487985c13e13e29a3293c4992f72e744695,male_masculine,,twenties,12,12
cdeabff18d80ac05ca4099b834946b27cddebde33b2b3be9bfbc06d4ac0e172759e2d3c9becdc53d85b935640980d2f56efe288ae88be67c2ea49309b349897a,male_masculine,Canadian English,twenties,29,12
ce09e8b6f08592b2c66c5ebd837e6283b9c6b1aa360af734e785aad86ed4e173b720ca9c5fa38dac48b4c3c83529e45b9d757208f2abd8c10e354ceb7985905e,male_masculine,England English,fourties,21,12
ce23a820cea151e8fa7730c2797c17fc09b1c79b1820c7b19ab282058c845e2eee1368238615621be42ea9e4c55d5dfa1e2cb6848ecdb7e8a7c85b11cf397739,male_masculine,United States English,thirties,16,12
ce4cb565402b68ffd5c702f85cde73187380a0bd071884343932be3fb24c0fb5e48cd0b1662e76907ac489e6ff63d7b7477ed97ab2c0214436e1acf4012cf770,male_masculine,"India and South Asia (India, Pakistan, Sri Lanka)",twenties,15,12
ce72da759902e903f4f3b772601638243cd429eed561562f2a5a9ef995a5f277d5523256e9b5a3b8eeb1d2f3e83aebb9609f0cd65611bed37567d858335dc7cf,male_masculine,United States English,thirties,36,12
cea18d12298f2bbae520713a1cfcf05e63b2b9470dcc0adadabc81e69d8d57a0f3c22c06bc4f280d08b9084d3e16b22b3c5d60f7711c9db8dba0d3f53075a34e,female_feminine,,fourties,196,12
ceb29bce299d412cf9d4e01e6302cf2dfc4cd13ceea6b102df56458af0c95475179b3445c705441a69ae54ec6ecb7a08207808cebd40a7cecc94250c82e49785,male_masculine,,twenties,30,12
cf0de03c3a9efce137c40dd353a5ea1de35b15f7fd1f22a54d62b934dd094dcc6044464c904f61471575d0bd47cf8d4b658ad25ec2e7fe102de9efd7697f13af,male_masculine,United States English,teens,15,12
cf166b2a376b2518887f5a2e3c347a69f495260309ac27cc1b860d599c86cf85ebf2f20f4dbee126894eecf204d9ef657ffd494c46e75ba0d5c4a227396385eb,female_feminine,"Southern African (South Africa, Zimbabwe, Namibia)",twenties,76,12
cf2be38ec70dcc46eaf652a20c08fe2135fc3873c82a9b9da281aff94c8812f2d58ba90cb48b1390a2c8e1eb0a7e2b7b47ed3aeee2bbe3a1399a00952d9e57e9,male_masculine,United States English,thirties,20,12
cf658764e695270837ad8af4462cb4fdaeec21a451e3c9ee585dcec3b999e0ac6f0a5f2de7548e919d2ffa1cc94d7f78fb8dbc1eba8bfe3cf0875c9c50235b63,female_feminine,United States English,teens,200,12
cf8a4971b1d4b02e2288c478fdf1f3752897c8865f6b66c71190942fed56c4790d057cbece75cdfa1a9fda1d9d7e3879d0f7c5db944a53047c5f50be921c5298,female_feminine,,sixties,28,12
cf98014ffd3caad842317e01d6f3f56f6837ddee465ab945e61aa2d1390a707779591a41b4d5d0df7a66cec4858289fbcccd274002e38e091c9aca33e39c2d87,male_masculine,"Southern African (South Africa, Zimbabwe, Namibia)",thirties,26,12
cf990c202f893c8e915fcdf34b79eab454470d6350348f50c10d7fe99f4598dd223d6178202b01ce658b3c0f1dad2c2af80ab91a678781cfce45a4469f6a82ea,male_masculine,,twenties,14,12
cfcceeb236c95b381f274d1a4375ad2ad3cc54129cb70f98644659cb912b089cf33289480a82f0696a4f6cf0d2a64572f21f65a1e98f4085a5682fed86b44cb0,male_masculine,,twenties,82,12
cfeff877cccff0af362791b70d74807862da77e349d083a3b710f9f7e69d2dc40be216c056cc7b5153934c29b74abbbeb11d3d0966546d6f2b985782ea01413e,female_feminine,"India and South Asia (India, Pakistan, Sri Lanka)",fourties,187,12
d00446e08c607630db0b554cb2c45a91bb46f87042798b0b18a106c5d68b3779c2e2cb46c1b73393743f0c93e08cd978fddac08e3b6ea40ceda2b1ff6e858bc4,male_masculine,United States English,fourties,35,12
d04be77638426a43fc49ca2753cc2d4f1295a72f9f625b56d6bb280f48785bce9100f40a2d0325c163a04ee13f83f47754bef986c0665b703455bfa3be502d73,female_feminine,,fifties,12,12
d0b62ac1e57e267f16088ee614cdaf09a9826c3b704ce2f79746ef16e248c19f9ff54ab124c25647def1f4414dc2a510eb8b6cfd3a41ae6681571b91b2a6f9df,male_masculine,"India and South Asia (India, Pakistan, Sri Lanka)",twenties,43,12
d1413283d794651695ea5c4d311a88e302e13f64719c694e69fffa94701b09086152b973ea7651e30b8e981666bc10252f56a8b37bb15fdf3cf238f0c9a17446,male_masculine,United States English,twenties,137,12
d1813b3a39bbd5d6f35e04e8e2151930a40e56cefcc57eb71351d6cde06a360b99e6c7791989ff337b308103b8dd7f2f705c01f88506ec4146042276b5a122ce,male_masculine,England English,thirties,84,12
d1c0e01c747ca79c6126cd0ca038525997868a4daea7eac6fdbc2fe83a114e16adf8fccd64c674599cce49591d63925828cbd95a0ffb70dc9090ad3022341adb,,Australian English,fifties,14,12
d1c5f949b950acff73774df763348084cac3b5e4d3593069e091c5962357ac3ee43613ca3ae0bd45d12357dc37c535b5f1016945d71f74f1f3dfa8f8e0995338,male_masculine,United States English,fourties,13,12
d1c6d302d4af7caaf9aa737b16c7e04e749f63ed80ec202cfa4de06a1a42b990f3df3e362ac0fec76312eae93f0b526e60d127d6d6081f422ffe9468638036fc,male_masculine,United States English,fourties,14,12
d226e4598f5a6c801277f6be19129059cec7de62d9fb77464b6a8875e0adfa2ebcc43d3c24d4a0b2eda88792b036af93ff58a802ba3ecb1dd4e82474b8b44840,,,,36,12
d2d1418ed333cd8c28aae2ee79b6992cf8e485e9789f63d151d0f144bc0070c7f85a81a6cb1df84f2416c09c7a1932ec7bd2e7327b3ff7945cbfb00b26392edd,male_masculine,,teens,21,12
d2e5054a7632047cb5d25d3e991e1165491adfa93bd9a4006ceafde21ea94f0d807153a681ae2609a3b983372aab53341d4281282a308ecf8942b09af8913183,male_masculine,United States English,fourties,15,12
d3096754d9a56e3003f13c46f311488ac552e74b51d3965d89eda7d456dfab5d82bc1d5140e1dbf43a5a8ff60d491cb1551abb5ea10025d82a072746af9fb807,male_masculine,,twenties,15,12
d33c17f7a99a80fa806799ab7d5d57b10c2a111fffc4f6e561842b4b7db30dbc3e0ecbc72c58498adf6ca88080b6ecaa758d8e25f9a17ab9f6646f94f9d1e009,female_feminine,,twenties,22,12
d344855c896237fe658b66f8be101f64fe337501a50fca3f57ba30ea0fa2510ac4728704ccd20109458ec5909691f4a363a034d89af5ef85b3e0b5fc166af782,,,,14,12
d36c94ec88a4198886c82aef84bc5096f20e14ea2abe92a515839d976e48daa5a51196adfb8b639891ae4a44b2a3a87bcd6b0609918eae3006a9fbf3f85bd282,,,,47,12
d375e73a2aab64bd8428fcccbe19a071f12ac301142386cfa496e1df68fe553bcc279625c5719f2137c219634ccc323582f7defb1e0ba52b4ab0f93f0d3461a3,male_masculine,England English,teens,16,12
d3a0913fe71858f01fffe06f9ad67582b6da4bff29595c7a8630c61caad539550612ff7d51c22649d172b733f29de6b6725d2ffc65977a10d5b139e4e1f7cf52,male_masculine,,twenties,20,12
d3a9858c6daa454d6bda36b922a7f7025413cea2385e07adb73839db50edc4f937e5c879ac2d452b9953b7fd9ff8ecfd66a97ac1406f785a33f2d17664ba87c2,male_masculine,"India and South Asia (India, Pakistan, Sri Lanka)",teens,13,12
d40a58913c75e3b9fa3c68221a20a5fe191f69e3bb9f35c55ea2fb1690720b8d23f2f9731d46a18adccfbd6ea1bf77f429f90e7287aeb76fabdc938b8af97295,male_masculine,,eighties,17,12
d41f1040b1deb7817ec405888029a9b80e5d9d46200b7f0253140477c12b76fd93ce6a1ed5f7759ff47ca1baf988b8f0f388a96859aea49c6e251a5347c9a6d7,female_feminine,England English,thirties,12,12
d461ea23a9911083e42056d655eb2f620786d07c1d8e2d6117061d42e67e12eb9609ba8d23225fef922711e396da8c51db808affac38cf357df85cce0eb5f6c7,male_masculine,United States English,twenties,66,12
d4aebd5a6484e24def5164f5af040b303529cc6a4eae69a7f5bc235bdc1c4c43b1b6bb9c1d266d68833ded62b102d605fd3404f7ce01517b4b295c92151aa8c8,male_masculine,,twenties,48,12
d4de4d50d202fb063eeb3f2d4d84cc4e429d499d508579d9085fa27e66ae1546aaacf815e0aab64a0721909eeacbca389c740a04b960fded98192913092f72ea,female_feminine,United States English,twenties,36,12
d4e591b347d7705034b844ccc668be0368b5e352ae553a75f4e44d9651b5fe8f57e291a5eec19f60e0d2b227ced5029974634bb172352e95b8cb56ffca59e41f,female_feminine,United States English,twenties,43,12
d52202b0e6502a29d5a54dca2a8b5c4b1a715389f03a774982881bc5362f016d229b9cba8a4e4fb606047223279914dcec33c9bb630ae47f25aaa6658605f81f,,,,21,12
d539bf0aa70f7c95e39649eff83e9e867e42ff68dbdd9f30d4141fd9f13f9466445e2e5efc0704da251c16abfb56303377c61abd983d983b811b51ee408db16c,male_masculine,England English,thirties,20,12
d5880664e0b201cf24b4972ea9890b801afe05af05cd4302d95952f06934198872328efbf6eb11bf51e169d4c62a0e8756088bbe001fc353a9b6d080ed9ee3dc,male_masculine,,thirties,35,12
d59a7a01b11dde4fd31dfb423919fbfb07dcc3961deb9bde1350eaaa5394794b1fc9d3f718f36fc6cba87b016d058ee6cd4c02d145bd4c7fcbb324d3ce847beb,female_feminine,,fourties,24,12
d62dd2bccc03545711ac7ef6451a2aedb77c4c6d9f392c1c2b2d440c4665263d94a60fe8e785f390a0af831f0025682ce5f686b518d941985bb1a08f46d43b96,female_feminine,United States English,teens,19,12
d6882d54330cc249d20f22bbda3ecd9b2e019ee944f077951efa22cb7b197285ab01f0ce70d4f3163dd3183e4cc4ac6ba7a283428165d27476e66496ae1dda0e,male_masculine,"India and South Asia (India, Pakistan, Sri Lanka)",twenties,12,12
d6a157016f2afc1549dbb07bef054932b1dcabc7750f9395df95e015b22e04d7228203b752efa55a94df101db28665621879c65e3900dc0e5ab0196805903e71,male_masculine,Hong Kong English,thirties,14,12
d6bc658e7c3c902e8c89fac4bba6dc126633c7db1a5ee85addbab044870b0756a7d6a870f8d083864890ecf0137e86772996d1eb8a1c9359c801c96ddce60be0,,,,25,12
d6f4a43d2a4cc1ac1131bdf1ecabbc7ec1ca95c5c7384e9642f9f9b2241ed90af6afd7781a2d0198162c3c83e25a6b711f4a7c2c858faee7dd82c2935c081d4c,female_feminine,England English,sixties,13,12
d6fe8a45e528dbf5ed36984ef6e8899797e0d6e79b69ed61172cb37f4d895b88accd4902b7bcfb241d7f61a30853230acb3b5f2c42da092961fbfcdd9f1f6aca,male_masculine,England English,fifties,22,12
d7503ce775a9597ad561d07ba0d8dee1a9bab9e3338df25cf65d9d0935d2a04d2eeff8d827ef7048b98fdbe9e540bfacffb9cb0e17d37efae1ed50eae9a61d79,male_masculine,England English,fourties,14,12
d76424ea445d5f9d69e7b6148e430b80e20f636ffab43a23b6a01e34e50f6f5952459ff773428acbd84e4fde965dad91b198a271b789ea4b53f88960dff53b46,,,,13,12
d7b8bd57a847b9f6a92eb975f2fe0a8686ee95a9e71b0168d5ee36090c94b373186a93d864491807465a14b0cb0cd867c6a52509095f73cb3c58490f0fb7f149,male_masculine,England English,thirties,792,12
d7c73ae2de660adfdeb61aeb21afd7ac68d69e3651943b502c64697c81d8e01afb2c00e6b295f7015041007dac086776ab9778627a6fa3339e2b8e40c12cc8e6,male_masculine,United States English,twenties,30,12
d7f9704846a8ddcba4dbd315a2a37b060e850b713fd3b66db8c9dab59b6bfe0378da5c1c64ad1f3bc341f4efdabe483e490080a97828b522e96b668fde3307c5,,,,14,12
d80d17fa679917ae502e3d061aaf1044a793ee69886aac16125b715213d64585339e18e8482ab7a5b8c8ec29b0c58bb40a13f513fea383c7af580dd0bc80259d,male_masculine,United States English,teens,16,12
d821ec95d3bbd51eb970d98607d93caebfe868abb2f1eea27b20770538781350e4a58f7e552065ce6653732e28276eaffb241aebb45f5cb05061d1f5244bef06,male_masculine,Singaporean English,twenties,24,12
d89374738154cdf0eaff1c7807790daae0d99a33b69edd080147bae4467be6945839352bdfa2f470b038b37b4e574bdcd7254b456acd0f039a32742b80c205b7,male_masculine,"India and South Asia (India, Pakistan, Sri Lanka)",twenties,14,12
d8dfd505efdb447a1db9abd9c89eaf88bd331c75cf4f506896bccb4f2abe8062aeb094efe87e3d75757636777ce215f353575aceb11a5293d582426c558708c1,male_masculine,England English,fourties,88,12
d8e2726b8aa9e5ff44d7bf9c60442ebb48aa2b226afcb006ad3ef2e3085a891296b32f81a3f5495df3a1a71d367807061bbbadab61b7e3128f557ef158e13dbd,female_feminine,,twenties,17,12
d8f4d9ae414f5f5c16b558e5bc8441d776ff03c66f43d35963b3d0d330d059b01d6fce110227f2f6c337ce4644dacfdbfa21cf98e90364d6e182d0dc93768332,male_masculine,United States English,teens,23,12
d8f79af55e5db3e7a6b73d73d200e16a0839edd42719869f452d4c0e757f72806806a7cbe3d0b53cc31cdd1e58f4f5d3caff0abbe69dbcedfff23180fb99b58e,female_feminine,Malaysian English,twenties,15,12
d90c03dc4ff3bc9d888415c8bd0cca61d4f2104a66134ce0ef5d455e322eac5f3988c3cbcacbbb6943e4dc35acd23e6cb5374daaa7a29bcfde5293d0c7b2f73c,female_feminine,,fourties,20,12
d935c0048696c166472423af4510aafce3948573fe4b4585388989c65ed245a2d295af7c344c2c23f4dcd33b2e297b23f6de95f3a90e9052b677b8a23542b17c,,,,16,12
d935ca6ce2fcd7d9349a56884e62a9082f985727792e075a8c0cf56b8582d14d69cdbcc7098e62d4498dc55c463469f9c87f70506401d99ff3a880fb4379b84f,female_feminine,,seventies,20,12
d955b8857c91f853d505183f8c4b3d82f8bc0ba48c7703cd987010c73e9a22c567a3429e183c7af9de6742384fe5eda826d4a6791e55f8ea73e2932b4787bbfa,male_masculine,United States English,sixties,19,12
d9685b3072e3c4a70a6b40148754add887a267c29f421ccd5bb35938588bef7e04510e6a6eb27c23568bf7ad0b4cbfb6d6271ac4b3d16eefc6f62c36c26ad2c3,,,,12,12
d9a7c7a1f86bcf16f7467423c2f50d6babb0d261c2580d96e51d161c6eff343b5a23937b6521122227a1ad2015737041369951e2164392c12601bdd44d854420,,,,39,12
d9b9355c8e1b51fa625a7f7e4418165b498e942a738e6be2f081f675690221eee39f38b8952013aeb6872d5d9a86f967edcdbea5db12587ce373a47f8d52d052,male_masculine,"India and South Asia (India, Pakistan, Sri Lanka)",teens,16,12
d9c287b975246bd9273d64ff480be753971f3f9f5603516e65461476bf6e3fe815217637274da8d2590004b6fc6ca6f4fbc34aa99b284cedea12d8b65566430d,male_masculine,Scottish English,fifties,15,12
d9cd6f5eca073586f237bc9934481cd737d957c5b958ccdf8c5c9bddc4298a75d3796f717630e0c24f97c04cb6e625dd2c92b2cedbabd04d8e06bf6a1ca502ce,male_masculine,United States English,thirties,13,12
da0a6ef63ece87a9407d2e9ac17fde3453e9563b8f1841ad70d465bff0f9945d91056bd2f85c56cbc72a803f2455eb799c5d3cc54caa80ac902f8def88d77cf9,male_masculine,United States English,teens,12,12
da0d3e22090ce05fee8fa80240a0c42ba12342809c4e78b51330779e772536d075b6934182205da8b7612754381b444680c4eba042c2d8306bb87ddcd6e3052f,,Canadian English,teens,35,12
da2174735363e215289319616b36fc7c5957925c2579d479d6c57a015c249fdcac0defeae261fa313dc05de5e11296bf947576e4e434898a61e99afdcadc977d,male_masculine,United States English,twenties,19,12
da2bcb0042887b8cc3e1e1696c4ce4d87e6380503f0cedb490cc584851c924207f981ccbc32a76c8020cccb27f2b6d241946b1cd135bff5e2e86a127a3024663,male_masculine,United States English,twenties,16,12
da7adcfefc5650511243f1bd390f4716b70ee1945c9e67bd303f529f3f4956ea1e58d1071ced7fb510e09c81ff07dabd54009e9f4dba6486789a8659af10df04,,,,13,12
daa9b0e528322889d876358cfb3c2a7336123a0e4c00e30b1531e349d7fe7af7b6a7eac8021c3044508e75146082999798ecdce197ad6d511ffb4cc2456ca75d,male_masculine,United States English,fourties,13,12
dad15ab19d8af8c8fbacbe2557f0e10a909f2c918ac9be51982d569114b7f93bf27e4a2b4986da25112598cc5ccbc36c30c9c4c7791cb1f2233a44bbcc26d35a,male_masculine,United States English,twenties,33,12
dad33cf2c7360206c05c8a098af2b09f4ff775491b326b02a53bc837a34e124ac610374e458d8860a7f6dba4fcc96a3b56adf6a20edcaf3bc6db99a5448a35ad,male_masculine,,twenties,16,12
db16e328c42741c11adaacd7601226a3acd344fa998c479fa6c2c67bff76291043dc7e1c448c5079f04b07987fff9356e9836dd907d7ed5501cf08061099b6e7,male_masculine,United States English,twenties,18,12
db2d866833d5767e5978ed81be5543272f9c0c05544ad22c256c64773fe784b022da2fab3b0416662cb7174624f0e01832b31a3137ceb49c763b1a1ab50d7b5d,,,,12,12
db3105debd557279a777dee8a84ecb323b3b63f83e1d939111fe3f232d72bf04767da13a8383344d428a5a9ad767c044bce3837e3623d98f38591cac317d2932,male_masculine,United States English,twenties,77,12
db4e15fef263b9d2150266ed51ca65461c5686a53d8dbc484c27081651fae45e04bd1316daa3cb46e671cfaf81bea3225c09bb4ba135db4aa7bb5b998b60f1ac,male_masculine,,twenties,14,12
db5fa3b55c9bac48086cddc16c1eec60f92855ed1579d271d8bf87a6435d4614262d9259bbc27016e3b03ab91b91c8abac8a6ba5b53e4cf2a8f91b84c1089ed9,female_feminine,United States English,fourties,12,12
db62c877d5905317e82033419291f6c36c435110c13e4752f3c10107b042842a47d1238bb529f8933a0ce70033483055cef5d145e9cc1dd07a7840ad04096e5a,female_feminine,,twenties,17,12
db94fba2e15010f1a4aa114d910ac1e1a320c5dbd692a3732ac62e870c6daa52f5c771a1a856a81921647a740a3baaec8b603aee830de289152300246b8e75d4,male_masculine,Australian English,fourties,13,12
dbded1beee731f33a1b1ff5f793c367a5d33c6d120c60660459a7db7800b613d1cb1299adfc3c6b5866899075328b314db7c08994bdc52c168c9e74dc8f5d5e2,,,,85,12
dc3db1a53620d85b9664bf89a66c12905ad39c9c4cd2bf52b2a9c731b0935ec25efa72329932cda761f94c235839ecdd57623571630451a40704ca86cf75b218,,England English,thirties,52,12
dc42b0ae753f006494016675f17ca8aec739396b9d08f533bdff2cf1c9f2dac57d188431f787e3ba2d95f88e08faeb4545b290d52425f7ac7e29e8d0acda9e3d,male_masculine,Scottish English,thirties,26,12
dc7192f8ebf3353a42d96e72830432f71c5573304f39da0c3c21f53378618b9e5081e333709f5dc240aa5e72526747e0d379262504214bded1291b79ca6e72ec,,,,20,12
dc83d61cebf288260073ed87d73e6e998e94524f18a705821702ea7f25f5c647e9f046079a1acb1d1bdff02c6ddb1931b90241d80bf06277c59d71e9caec1ce1,male_masculine,Hong Kong English,twenties,12,12
dca22228c83f6c1cb0391375f493aa7b13a09fc37a2947e8c18a70e5225ae2ab845ccf2a6ca844348a09743cc99a5625bf555b3deb4e6dd9c2caebff54323a42,male_masculine,England English,twenties,26,12
dcac4ff5a9838d81c23810b05e38208bdc9342e7b45d655aab4ba7b8ed9d4b8688d7275bf9d0f5cfc9b8a23a4fbe395adb8ed17a11b02241ea1fe18f2b9ad997,male_masculine,,fourties,58,12
dcf4becb4723a6f7e483f577f3b5ec50e8f82f25409ee4c071350a80348050a7507651befc947574929e5fc9b5ba167f03d5e261d8d49fcd9afe0b876a8479fa,male_masculine,United States English,fourties,17,12
dcf680c0b23ac0fa8c5d9fbe14b8d76be0777d1aa1b561b7a8d6a458eb09a6f1b0ba2b44398ddd1abd4fcbfd6d0a1c9539268dfae83a838ec24d73b4df9d7c1a,,England English,,12,12
dd140cf14484894797262b2ea122f7c4483ae4f93222218be990ef88c85b346bd78ed274705277957b0c6786bb7661d1bfc921ce56f3a0f5d9d481ed661aa78c,,United States English,twenties,12,12
dd19cf19ebf1de1608fc82002902a7b5ed3d6a661aee43fb7ead0ecd4d91ab28d9f4898c0ae0db469b9988981a46f5f23d72487587d043bfdace9bf9043329c5,,,,21,12
dd2947a2ba3175e8fdb5163f3f87db361fee6ad08de78891e8323752064c3387ba26379b2da2d5e500f94a6b7ec4f4a1fd6e93e815ae97bdaa79869b97b17a63,male_masculine,,thirties,15,12
dd37bc5fc1d8a32b1c3d2c074cda00aff4d64ab8b673944937f9e32af88ad0ff757bb0cb0616f8c6ed6f2d0ca6c127ac4c261f57f21ba59594a8858d324fb662,male_masculine,,thirties,17,12
dd9b4ec9c2b6adf3a65a78315a5a91645a924503496a11f8990d1c9e61b389c336f1c6783c433b9281561d9b9a6b0861085fc247213ec5e8ba691d6becda0834,male_masculine,Australian English,fourties,16,12
ddba4ff63f85cf8639b254095363ee175eda05b7ae044292278baf09be69e01a30fca4af182ab40c38565f69ef2880694d8c2454560a274fe94be9f2b3ede4be,male_masculine,United States English,thirties,25,12
ddff737e1320a9668441f40697f5836878d075e74c60168dfa70c2e23fd879d4ba5f8359254af108d8ef2f75a90dcc83279eaf8f9812409d3cc8d0db047932d1,male_masculine,United States English,twenties,16,12
de1de35c853839f0c00b5cea4b03b865557c15ffb24f72be87078f2c6648bd69548cdb8d57c26ac883df9fd05242dd4b3e3432c8dd999563599f8c6db447756a,male_masculine,"Southern African (South Africa, Zimbabwe, Namibia)",fourties,13,12
de3c7a6c7421bf93d626544bad8ef3eb33f4be1fc68ac63d937ba4291edf2706c97d282c6ee11739d61ad1ede5561dcf13a31b09bec46be8f998b85f9b7cd883,female_feminine,United States English,twenties,21,12
de5d38c039739e8fb7a5a3166d2672680bf4ee8ef09747b4006860be549be69201f8bec328989d248b9b5aed8791383b928b150e8097a0b177c971b1611870ac,male_masculine,"India and South Asia (India, Pakistan, Sri Lanka)",twenties,27,12
de7bee48052d9f9082f0ae0740968f73a51938bd79e5da0c3e5cf9a1b473a843df28994f0f9a68a2b6dc7844a39e9efb9034ce3f82fe5a79601c55162aaa3c5f,male_masculine,"India and South Asia (India, Pakistan, Sri Lanka)",twenties,12,12
deb482532a4ccf3b93d373c77b9fe2228829cba1cfcd93524fb4f48f422f6571edee6144b77ebbe1aea67930cb9935aef12e1c6b69fa927056aa6dbcfd101168,male_masculine,,teens,12,12
deb84f2071c433e699d881d69ca709979161da7ea1de4cab0046ce737b31d9fca1e9d7b5b765082ae872201fbff90905e718bacf89af718feeafbcb3f2f97f99,female_feminine,United States English,twenties,19,12
dedeb63a82dc2853b15709195f2d3ed8a065a1fcbc25b2f646ebce06df212d0d1b5d0ea5039472305c48f09f5ded69321566a5fc635fd0436bff5b354ec1dea7,female_feminine,Filipino,twenties,15,12
def8dc47c0cde4b872cb7fbe20ad32d0cd18f208953977e8f964aa696a3c48af2a9fc1e58c0e46d027a60a6e0294b58429c7d96b87278e5a3f784673d743e9d9,male_masculine,,twenties,16,12
df15bae4768487b9e9b6f9123e4e1cb11f119b77c08796485da882ecade5ff6bc358284cd98e420181cf4b4c3a1205f072cd087a9fbc7f157072dc8c1f9ddd57,male_masculine,"India and South Asia (India, Pakistan, Sri Lanka)",twenties,14,12
df7d2a24562e1687e8e79a78f1dcd7e025a6b6b6f326daaf34a51c3f02757506cf4502b1a7f1134cd3d9506be48c8179a1171fcb1dd2c461f601d04da33889cc,male_masculine,,teens,22,12
df8e8d6028812663fa5e5591cf689de8283842ee1730ebb105c3ee0803a41b495b266eaaf6345f71136dee0b292b758c588cef5f884f1bfe9df4fd960ff6f84b,female_feminine,England English,teens,13,12
dfc7d3e2534fe7f6e73b17ecd45b3db57e0dce8aac55cc28bdf304663c6fb8e573024077f17053c2fd08f91f12e35ce6d93e3a811d35fc6a69200ab4ff0301d3,,,,18,12
e049e1fcb864daad5851a859b38693cd3edafcda249d69ccc7cd45d501aace59200248dec0bc3caa6165b0f12df9cbd4715fb7b358d31384389b1f58b588fcb2,male_masculine,United States English,twenties,16,12
e0b7d7e4c71c7950805d23c4619f67d03166136ad4a186cee47fb91ad6d107ba7042b734e7d03ea8153c9d72b79333546dbc98e85408b608e5ef88fbae567294,female_feminine,United States English,twenties,80,12
e0e4d1cd7c5b678bc8918882cb0a87cddf2ed32589d5db607900f79fda5e4d390b6200c339fe7e2faef88ced7f65983583c2d47b76247732160108d47083496f,male_masculine,United States English,thirties,27,12
e0e4f2ecc07153b5068875105fb1ea9e25f3fb4d31d73f4431220ab500e1e090e302bc6d589a98d4df3bde6f53af4044d807b66cfad2abe0eb40094377caa70b,male_masculine,Canadian English,fifties,22,12
e0fca432de43e2427d0c75145df3200f26eaec3cfb82248f11ce57a309011117b36deb2cdd273f2ee093c9d16c2f12fa1b5150c502f73f985bb160ad21db5bd3,female_feminine,,fifties,15,12
e0fe905f4ad81d1ce7da78e817a636629ba0bd26b65b36d94e9cc989bb6678d637ec2fc1e3f54fe0ba7daab505d6a29bfaa9a3b91dcc737c284fdd9f2aa3f764,male_masculine,United States English,fourties,16,12
e104eeeff4ac37ac2a0640183ae675edeedf78bb00face6b5f80f222c8e4e11ce4ab746b28b89afc0e4fc7d8e390cbfdd2aa0ca55cd3d790dd0561c5f779ed15,,,,13,12
e140a69135f35bc81e98140a267e18a382807d684099be19e3d4ce8b24bac59e329aa4da97524e916e1d63e43078f585462b292c1c104675aef1f7e03428472a,male_masculine,,twenties,13,12
e1abb3329f6004b885b8fc0d2899548cf713c83f68b5da9b4a6624f0397c2d0b4dced706de2b6ea4539cad07f26e181f284dc59d9fd8ebec937da91c7eb1cde6,male_masculine,England English,thirties,12,12
e2292237c77b576132df4cdbb79155e854aeff199c96095ab6db95684d8fa140ff1f42fe9cf87b811f15ce8039d6563a304b507926ca4a641d04765a70b79d91,male_masculine,United States English,thirties,82,12
e23b6366c67dd6a08b588c479df4ea2a32a8e8109a1cc646a1316ab1f10668f441f881faf3f11c82ea44d3711d5f5a7f879a8442ae4d3ce5c99be1b94226c829,,,,17,12
e2424005102f77c99fda4034d4f91fc3365f2ee552c5292311b2e73b4b723d5bda61c419025fadd4ef883220cc9f24c5f35446c9294c6e3fe88af43c87ae88a2,female_feminine,,twenties,16,12
e2501636040968bb5e32905f2a277e6b068c8304d48470e08eb4f97d04b4974347955ade66deeda640346d275b88221ba29b31f4de716cec8997e8af93a995fc,male_masculine,,twenties,26,12
e2555d12181dc883d886d263ed9d7b3c6fba78885ca557f1463acc59b101443084ef98404dc399f00f5ae46935f94fbb98dc09c571aa2aa0394f459f3198ccea,,,,16,12
e25ee692a05a814c9d5943a23ba6b54a94a2074e5b62aa158d7ea5f69931600fdb90f6cf7a66d4614ecc93acf27b09ba807359299b00b350dd4b4e57e2326efc,male_masculine,United States English,twenties,13,12
e2a72261f0142633e8cd6e38526673b41f4400dfdc5ba5aadc56efcac5215beb8d9a963d565b689659390625a5d6411f2fa9f23f7501615017164f08f86229be,male_masculine,England English,thirties,14,12
e2b25b63d51bc81dc2c9a756699f1535212beb8c61b684eae202243d5dbfd4efb2a7fabe022f1d7458169ad56cebd5da6c5cd935d2fd29ed9dfb192934e4f223,female_feminine,"India and South Asia (India, Pakistan, Sri Lanka)",twenties,118,12
e2e9a6ac6c1b4377d50091265dbf3ad24c3e4eb2f13a5380ea8f66fcec5c8da9c01e26195936d5cfc2627700d3cebf971d9243774e609990d2960b7fd8d9f8f0,male_masculine,United States English,teens,12,12
e31822077e104d2f1781db7ce098c016abca0314515a35f564b26c30e59c0d2a0206cdf020dfbfe4e7340388f898c34d51e2d625681694a797c49581af656fba,female_feminine,"India and South Asia (India, Pakistan, Sri Lanka)",twenties,380,12
e35d38c0d8f62b03d7fcbc6199755c217f07b127d4d60d7fabfd11119193066ed41e34eb3daf764be567c1525c54172e9fe59b4fa744f88bcd9e48d6aefc83f5,male_masculine,United States English,seventies,15,12
e38aec5ad8f4a46ec02887fdd0192504ddd62fbcd5ccbf248f4a5ee3701fad99dcc546a076dedd40ce673839e3187c2b2d5c5528c333b8613207e63b12e55d78,male_masculine,United States English,thirties,45,12
e38e8dd65f9ce1cbe6199640e9d18bcca4ebb36afce38d7e41c4c1cf4920c974d55fb8f0554a88187cbce49024a06512e9fec4ab4f453058ddfa1ac92fc2095f,male_masculine,,twenties,18,12
e396ac045c1bd393572305735e108dd73f4fcb0da0973826fee46a09c075fded4094e5f55e8682718fe260285a5ccbe080a5a978c005a1a79f2a35f4899a4165,female_feminine,"India and South Asia (India, Pakistan, Sri Lanka)",twenties,12,12
e39b8eac9704c34435ffe790783690a12fb42a95b7808939d8e5bc02d3a02e669a5675bdac870efebc93795772b4ee0270792a15233c2821055127f0f1ca34af,,,,19,12
e3a0e1f4a3f2b04e74c6a9b76358cfc05a5df96d5c0b865e6d9d4bdba5df413e0d0f8c921af442d89fdd1955eb7196333e80a41c102655ce2cdef9843b505664,female_feminine,,twenties,34,12
e3b1a9c6c96a81cca5028cc2910e2d31542f0ff5425da03502455bc84d0b729b2ea3835f68a47228bcb5e95278cfc7ee5c41a5c3086d01674889585c355531a2,male_masculine,,twenties,16,12
e3f5273b82283f00d095fb0e00f6ca303fb22f32ebfb38c0abcf299bf0d3f797394bffcf972cc702bb6b55a39b3112d98f7371f53034de4aa847895706396ab7,,,,15,12
e4181f16d2d0e94b31bb2890b6e5146e555e45e6b37020974e4af65417ddabdd98a7e1db258eaaea33faacaf1f4f88f896f42c30c13437216a1c15de39dff430,male_masculine,United States English,thirties,45,12
e492fdf34ec7ba28396c208a302c474ffe5c7bccff502ae47499af02cccfced416b93f56087c25881b70ccda1fde7d92bfd9999b3e7f32f8b74c4356f3fa6e69,male_masculine,England English,twenties,17,12
e503adaa117c1a514fc7cb2b7242dcd457ec7065f1cd3466744c2fed47a379d0bb40213e4808698249ca5d6caf3a1431d663e70d11233c3d36cd1108bcf5ef26,,,,26,12
e51b82de610f3c201de31cbe7b6d0327bda04e6858b9bfa5f307253fdd02ba2b53535c081fa3f10455b027f9db1410b2709c8585612b94a2393441e17cdfcf95,male_masculine,United States English,fourties,14,12
e520c471ea6f134d2af8f0ab63e5df686a6cff2436688015b7a891d25e47d7adef6f72184a9004a13f04f6ee55e406c4b528f112746a563adb914d52a5a0e281,male_masculine,,twenties,18,12
e591c67825669f9e523aab76c3614d2771cf20037d941636456fe696e7cc8b6b38bf9c9e21db201f3923af930351b20ce8e97e90339c6957480f1e1102eac6ea,male_masculine,Scottish English,fourties,14,12
e5bfe647dfa181ceb8035b7e9b8cf22b95fd4a71e0cea54f3700a6f1acf680225050a7aefcec17962843df2854e4f584e66fc6d5ef8cd60af4eb788130aa5fef,male_masculine,England English,thirties,20,12
e5c49349b46a5471e68d499248fcad692fe3b21ade0f6d322a5a0885bb9b4ad0a25c014960ef85b8e6c726966a89640f9044f515feb665f24dd6f415d701f98e,,,,79,12
e5ec4ff8c5f24fd6cf0431dbc29fbf29ec565ea8c4455ef018e5f6a5b0f0f9a50b6182f343e4ab7925661d2ebb2c0a295edea67cbd4bcbc71beda610c7fac827,female_feminine,England English,thirties,14,12
e6148f99a694750d8c0a2a8a2fe4fedc1f08cbcd5840b7555a23ffb3fe07a12b42095a7c6abac84e1cc6f8859e9a350f3a61cc035eb9f7eab848e8fa52602ce5,male_masculine,United States English,fourties,71,12
e62c252e7b793b2ed8dc041976f16211d1bb3d279e082cafbeead42cacd5fa1bcbd8632fc6e26f848768bd9faabc6aef13e8ff32cf6a1e59fc70d8e8b5a34f03,,,,25,12
e62ee4c2e96e7f830a8247a356940d99660e08c44d5f297e552ca7b00a4ab933629d48189119f343c6e5d58bdff389f9604816f3aa698faf5d024588b8984e69,male_masculine,United States English,twenties,13,12
e663116621129e1042907d23890089528d074f8d50e85373ab05a5318a44b158ec94ffa749cea9d722eccd7a3e53830053e8c4712bb5fd28dd8099142dde77f7,,,,12,12
e66509a7f96a4caa500499af0cebf9bab387fc359e6845f566053a777a206e4259f905a41084848301755623e90efc5f71e1a53db906c59ce5c3adfb74e56148,male_masculine,,,55,12
e66fcc08cf97c965fef00ed7bb2af5327a39368d1a704d8c25fb2fc0b10f9e8b238075461cd38321a03cdf0859985d5eb57a5f4d541cd8c2a5c06a638f84bbba,,,,32,12
e6d74b40aec88ca41f78201e8db053aa2874e624b85353bedd61182e236046347736560bea158013fe38961627d9e53eed3dd1a14a4581d6babdbf643fcb9b41,,,,57,12
e6d7f6267e35209974914a2468b3a9d604eef31fef16db546c92b3fe5eae899e02d2aa669071a9d56b9385a88c82c680c47b9e8328897d7e93b4c057c1305909,female_feminine,Canadian English,twenties,32,12
e6dbbe39377aa0fe2851852b2c695c9c31094c80c9ccd244bac8dfdc8a523b2a114362d4c717bd9d628499fe1d3c11971221be5ec4dadce15c9ff8c5254ae368,female_feminine,,sixties,217,12
e6f8253f27cb5d9c674e8ff9487f61bdab538ec7e7de363ab6cedffd7cfe8b818d27c209d8e9507c072e3f9ebd95c4333aeca971e0d2bf126ad5d3048238972b,female_feminine,,twenties,22,12
e6f82bc9b2488e24119b57b21dc07ad04ce7459e8053a61602c1ef564e4574d0846046d9ccaac6d5ec8d19cd1177bc7a5bfd9c2b36b20e29385e42d82499b4bb,,,,12,12
e6fee26e65b516e1eb3a270be759604126f129c9b354103d5fadd5a2f8ee1547369c204d9c7b81034bfcdc986c04081a906a207e84adedb0b506f51c15dfc7c3,male_masculine,Scottish English,teens,35,12
e7240d132db3dad46cf3970581635c5f77b4547f374d06a67810e1e93d2d49132303eaf8ecc122803ba695aead485e849510f2bfaa7d0bb0df9b618ae98cc57e,,,,15,12
e72cf6966cabec8f367e61ea3969a26ce0b08bfa3c06fe3b2e39d380ec575cdcca6527d1133805797ed1162c692313875e26af5c47454c11194ea86bece2af50,male_masculine,United States English,twenties,13,12
e747d2e48d6937ecea457353f99f08bd6306cb7c2055cb33400931d5ee57f38b98442c5fbb8ea15a51e4fd4c4f8e0d5f195868a1ed910641c70ad3e0d6ca8386,,,,13,12
e76273683335ce923aaeef06b33dd8cea5eea618de411e4dca399be763f5dfa53cdc7baeb5b33ad1aec910d55197e7a081e8612e3459400c2963761796e89a43,male_masculine,United States English,twenties,17,12
e769288996b62166131fee52a9c7243e7b2cc0c5a4851d0f7255ab95b92b62afea0f1e7a307a1caa5dd523023fca574ff7175065b356ec799bc337fef80ee1f0,female_feminine,"Southern African (South Africa, Zimbabwe, Namibia)",twenties,59,12
e76bf275d7fa70296086fa2910e6a819e61d8454440b9546c15fe81e26ab615464303e4553c11c864f70f33967ed366b10048ce3e89ff4d6a3930f77384d25a3,male_masculine,England English,twenties,18,12
e7799090a60a707984725fb34b2b4ed1eee202888b6c66b94001984f888df16b77c8d73e8194a983b11c34bd663d2b4544bdc8e911447b3e0ad4cafe44af5aaa,male_masculine,England English,thirties,15,12
e790d1a6d652b49b74172d96fca249c1d46c38806613534de93e324492059b41bb491639158ff5b5efe117d167447b1dca743bff0b32dcfe07b12a43fb13a86e,male_masculine,United States English,twenties,251,12
e7968078afb0dc41aacd788097b2214bda56d9a475a5f19868ac96fd985591e07b86a0a831fec7a6289677f682025c66664409882015ae151e7b9f5effcf018f,,,,16,12
e79993c49838b530847f3bef0e30861cd1ef02614a6045db99a8b4db388639987695dce2a8f278844a0224c317f923dbde77904cf6928e2f2e264720741db989,male_masculine,England English,twenties,14,12
e7cb7e2130134880b82868bfbb884b1cb6efafbdc3dc2c06059107968f5c276b016ca8b90ebe919c48f3e80c5cce7e6f975fd2e4648766e2996728cb6994b0d4,,,,13,12
e7dbf7f4ac96518681ef2d6e283c32cb5e416937d805afe4da4a8e8826553b733eef59050ec9edb98da07f032f09f947a1f58998e1950e4bad032a5648449505,female_feminine,United States English,thirties,16,12
e7fe5c7fc85b7bbb8b86acb13ab60d854ecdc9649e79c9c5297b93f195bb8210667b50acfd882c8527ed6848f604ba3c234c6acc2b71feb6b9c43792a9cdb4a6,female_feminine,"India and South Asia (India, Pakistan, Sri Lanka)",twenties,18,12
e808b88c77a7bcbff838e3bed2f7c3bf0df25f072605a728d71a48de0ef8cf0adce42d2c1d3cc3eeb0840e09e5d675f2667074da59794cd95f1ac062dc8a1c72,male_masculine,Australian English,thirties,25,12
e83df99ca8f54ca4a2d921e9114e5efdf1fb23de7ea0ac0d5f7ff6472b7f943c7fcdf87e297e419ee65b31ebb94774e0230e0cff80f1444f842ce77da194c608,male_masculine,United States English,fifties,15,12
e88fda5e708df19543adb91d849b356ae432c098aec682ad1e39a02809c504fc77c4fa356395e5524cb14321e7f637e605cd32dbc7be334500c5e6d9e3d8278e,male_masculine,England English,thirties,19,12
e8acbd9e3724ff5fcc5daea141e9efb4928c6ac8f12f54ae88fe5e31253d5ba38343d65c0a57dc1510fc07ae65567323b564dc1f69c73ec105c83ef43821471a,male_masculine,United States English,twenties,19,12
e8ef5cc49f6ce17779019afff05850e399bd0e907ca773528381efa2314865e6dd5c63f2a32c122448ee10eea33f9e8567a7b57235ffb983e2f25907e5f2f8c3,female_feminine,,twenties,22,12
e8f5bfa458e9e1f317176c9536e7ddd168e73f8d3fe4fa617020ac7e7ef2f867b7db4a8a9376a6b19bcbe5fdcd008aaf4b2afc140e667691675f9eabc3db4959,male_masculine,United States English,thirties,20,12
e93a430705a528b48c4250c2a3dd1784d8148e3293963d1c82696146c2ecc3db3d2aba83017481b2043db6f9a85c0725cd60494690524e954ad3990c580e9657,male_masculine,England English,thirties,21,12
e99957f1cbac6eb6043975149e04d8f79ec27f86e08931af9917d4a6f7fb762ae938d3c041a6a6795b4eebedd43a4d9860dcdc3e2cd311933dc416917e5af5f5,male_masculine,England English,thirties,18,12
e9aec5f8c900bf6a4cfb36430520cc463baec6930e242e3b4406f742a3b53b85e05bf562bfc133e48e2262e8f4d7d2e20472714ae5eaf884ebef0718427d02de,,United States English,fourties,18,12
e9c01630e73a8af7315f0a7009eda3343b57b2b431f3b43be76a8e6f12a82136d7823eaf9abcca7458162922d0424dd457d174ec140647afbe60b1168ef852ea,male_masculine,England English,thirties,16,12
e9c64d7bfc39e40f06c4ec36b1a61f428e2c77116374b6d7a6418d4069ce07200c450be4b47268ff5c97022e66b8aba9b1c594164d536d20f025d346459946a6,female_feminine,United States English,teens,13,12
ea16e70e701b4e6abd407241da19dbe7896af15874dd9094ed558c280404fd9437761c83646ee86972dfbb7dcbe567051935f096967bab7e6bed82a50244e78a,male_masculine,United States English,thirties,13,12
ea32613a550070bb7cd496a6f1c7179106af012e8167d3f5a114335b089a25bfe2f3c10ebd9cbd4051e31426ef5d35fe622537961152ab08b0fee8207504b49a,male_masculine,,twenties,46,12
ea52bdce5b6564a2eeba104c9a4028c24072f8e47f38e0765c41269cc7d04b68fed232018694bdb88fc20bb8ab803758f898f7e1768d0142a9ea1dfe7bf49444,male_masculine,United States English,thirties,15,12
ea6af2f035b41b076462b218d20822bcf91a491c7b894e6ae5df8721003d07e28894b3ef0b8093e857238a3d7fb363ec6687af9548cda5437399c30804eb5b67,male_masculine,,twenties,174,12
ea7d4f67f5be8964a8531f9379b02798ce8d690f5a4223b5821485d66307d8218feec1a8aa5e509cc795faefb2e731e80a18f241360ac43362115069814579a4,,United States English,,38,12
ea850c724f088530c41fe1c55ecffb37991dcfd4cdd0e975fb63465f754d12562416161fe4be7ac5321a118f221a7c1d5a4c4deb8568e1433833c163cc590ecc,female_feminine,England English,twenties,12,12
ea8a2e8f63542c27d0d16a68f9f399b08cff4dddd28350ca87ccfaa62dc9355eb50a0417eb8c76018379d10af3e1cf3ef5f2322bb645a8d964a3d0a7506f3b94,male_masculine,United States English,thirties,17,12
eac3a80b2371b110ded6551ce8466c8fbdec5bb202ac04390b23d14c84bf3bfb03682de4e28ae53f38cf06ba57debd1b40eed2c8a759c6e6d7a28c48206ca82d,male_masculine,Northumbrian British English,fourties,13,12
eae1a0c1027b6b9867c947fad1f4489291b61737475660ad03ab361bf5b89c4d9bcae2e3257dc720133950afde5ed127495b6d4dec47c8e324434aaa644b3be4,male_masculine,Scottish English,fourties,12,12
eb085b65c948eadbf1665ca74cf7e0bd9f1dd0f05ea882b27e317af51d1dcefd67c707d9116653764163bf48a179a768eb98669d22169a17341067fff80d7381,male_masculine,Welsh English,sixties,17,12
eb171463e0b8beec4295c7c89975c971a65ad05727c781c088d0f3a62ccfb4c6e2627fcc3fb714876f9ff537dcb2a2deb8051750b95ea27b46ebf3d1949cc639,female_feminine,,sixties,18,12
eb27648d36ffbae5c2ffe6ad422396fcfd01942897ee764ec6b097c39b6ff46d889981e3172b65f4ce7d0deb1763c63f4a5715ac46f7b402d733fa952ce8188e,male_masculine,,thirties,16,12
eb52395506bbe77b60890179860a28918760bae3b068ba9d34d92866e5b6e06fe93c4c3534dadb847aaf2b25a2bde411317927b4c1dd7ec7d2b854f830831c6d,male_masculine,England English,teens,20,12
eb89de7394d6f2706c61544e638292ec988b638f617bc09effa1bde4701a8473abb76a305a3b50e1f081f72b53e4ae7668ca5db5d84a0860ac6963f855ef02f8,female_feminine,England English,twenties,18,12
eb9077114ebd8c01b44f2a4398c9ec90b20264d40473c953498d1f2f3210d06725dbc6aa23439b75bf7146810c3cecce6cb050ebf275ee956a0f066324d5880e,male_masculine,,thirties,19,12
eba6832785b435c14a6a39c48fd232f663867a1240dbf33f99519a9352e86308bc30747694b4e0735c7d34a9b3793404f3da8a584e4a68ea4b0ed3396e8a0d11,male_masculine,Canadian English,teens,19,12
ebd039b47fc09ee5330033742c2aa55544542fe0de5918dec1fd5b14e5b88c5761e57efd467f82d0735517137eba19e04f83e4cb2c722cb9f85f63b9266c09cf,male_masculine,United States English,fourties,22,12
ebd0ed84ba5b8934589e8b7b8c7e6be3bcde6ed1b92cd370d15085253974a61ad4f1f16c4de1a02cdf416bcc074463025ecb763a3f9987e1ad4b1ac1cb2b2b80,male_masculine,"United States English,England English",twenties,81,12
ec293248c910c28091014fec13d47bb69cc84f0b265ad0536d7e39390f3de510ab879fa3c23797defe85d8c846a4e148c971e28da6a90a647a9bc37eb03362bc,male_masculine,"India and South Asia (India, Pakistan, Sri Lanka)",thirties,35,12
ec5cb90b81d99117ab16227606d6253c32f9551c3e4407480fb721eed767a1bded34cad9b899f6faf9f9001a6b14ede6e90ab600a80d84c957dbf709bf6d8cf5,,"India and South Asia (India, Pakistan, Sri Lanka)",,25,12
ed0e4d79c6c2889459e88e11724dbd7f2cb2417e6a4320489e75b86b7b1ca4944d2195651e1b807ec4070fa6b2cfcae21bae06f6a4dbe89427abb8b4375b9a70,female_feminine,Canadian English,fourties,13,12
edad0b3940194e23c9d402b752e8340513a02427a3ab889f673f43309499bc450e46716041fcf08ccc983afe02e9f32a85d424b14bb6c0347aa4af3865a72a3b,male_masculine,England English,twenties,83,12
edadbf12a928eb2007fd8d901e27f601691c7327bf025f3e18698b45fed8f0f4ebd6b8f8914eb7fdbc2d6cd81902a35fe55fb3a0e28aa968a3ba8111bea546ff,,,,12,12
ee0dd2cf4383159aea5f7d2d6919e6311cc2ea9bb1b6c7cd2a5d289c96d7aeab2e6540a57700b8f7438ca48842e58c3c6e6b01160d638bfe2003c0017e32cdbb,female_feminine,England English,thirties,152,12
ee227fc801eef20e039f95e8b646810743d168df97e0dc6941d13743eedf278b953719e5d30854eb0bc5f2d15cc4c9460aac37db7da6e202a61c97c240127655,female_feminine,,fourties,14,12
ee2a5fc526dab6d951a1d21fc948b0701508c7ee13d16862531eeb55e92c3c5cf829c039b4ef3d585cd0827094f2ce0722f3673f85220a2af9fc4624c0fe17c6,male_masculine,,fifties,23,12
ee3264901e0ef35f0dc631326566d5e6f57723af8f97322acb15b973c4e9ece7967420fded9f9ecf7d8ecac87ef710d4d2d517d4ef4b125516db1274061837b8,female_feminine,United States English,twenties,26,12
ee74e15cc2cfe71d23fd8c9e743b26d6913c64c315f708ce4a290a18c3e14a17a4a17cc5451e7c5af452f431ca0c18a0050f0b8500895b2053eedce5db7e08e1,male_masculine,Canadian English,fifties,27,12
ee790789728c01269668b55bfacee556123cbba3c10124ca0bfde37ca55e5079e2542e7b3059927920573b56d88af10d999f6fb8916310463ba6beddea948df7,,Canadian English,twenties,12,12
ee913de1fb4426882a0a6ce49d083d349e0dfc3d28e2e51661b13e180c56b05296261ad345a06e087c2f1e63b774d19de3f4f2b7117b5eeb537a28a27b968016,,United States English,,15,12
ee95de4ee8a82d215e2a4490d9d2e8e98959de8a6bb720519276c364bdf430cb63138dc1b60414ebd8576670110951684775e9223f1e50396d2e8cd25974993e,male_masculine,United States English,twenties,25,12
ee99f4cb09aa122908a82b93cda0225ad5d5acfa8577cbd0bc91b76a46b38b3038704dedc691e7e8829a1b2635fb6a77b35f82f040c8eef4bb6ea0ba35bba23c,,,,14,12
eeb001abc2922936dd6d3ba7684e71d09048351bcb2739c5c8da3c9bdd00ea1d6dc801815de929b33a20b0b2c7d5860f7ad34906e1091d6a9e1a284b1cd1f877,female_feminine,,fourties,32,12
eeef41d2e7269667ba572d070b4dc6501f4cce0362ceb647a1e95d26f9296bd5ed1537a8435d495cb456605fc2275b1b2de28dcb1b20bea9c7a268b0209650a5,,,,27,12
eeef9c73d6411931bd522fcee5380b465a452a6cfc778f35039ca45f2545ec2e0b0b18fe010a2ce00e1a7aeb430427337f6e5248d66944dd4afa1e04260b74e7,male_masculine,,twenties,12,12
ef37e70e7d40e2d6d1339d83629b0eeb496f89847b9bf1cc845466a6f93120c8550121aee211adb22e035604572a0d7f5a690b980bab9d856d992b633d4bfa99,male_masculine,United States English,fourties,28,12
ef3c42676cdcbd615a267077d665aa545b0697e469f98269103d5c15d9c4f5505cbaac4fb4bfb698488368bf5afe4be5e93335a9fd0f411eedab4c7f973e3424,,,,17,12
ef8c7d32c1074b7b3fb2a3c8595461ed38925bbe5b1fb6e90b796ebd06ae508b01ae1e9bc64bf4708cea77e5dd82a7937c118757f5d0eaa805e8680efeb18522,male_masculine,United States English,twenties,17,12
ef8fbeac756a6a2141ae62c4bf1111c213cc054a6fc099958996a257602b370bb58939503364b21b3651f98fa0df1ea7e217c17ab2f12fd52f5145f9054ec36b,male_masculine,,fourties,13,12
efc6b41d12bdfb1461ae5444a6c3db66ad1b644f20580615235a86e4a4c083ca095c981fd79516ed2fb5ebafb9c7aa89f1ad5f54ed52b9a5d2e817d7be9a738d,male_masculine,United States English,twenties,18,12
f054a5bef406ba6ef467667dfd7f441bedd45003b6f8d1050e0f16e12b8ebef4a93fc9328072682086c6e4c1ffa0baffbc6b85686623d778234e50273d4f692b,male_masculine,England English,fifties,37,12
f0e700cd36d5d3b9ac3ba22433b2ca326fdc003f8f21eb839e9cf487df204fcd3ab28a079ff44e53d33b17bfadf5e5618da15526d7178ee897aeb31d3b9804dc,female_feminine,England English,thirties,40,12
f0ea206776edd98e6ab41801393839be2d3a3508647336452079b21ddc3ed6eafddd8489e7a79cf149c48136862b49b77c412f7721653750f051aa12c2858e0b,male_masculine,England English,thirties,174,12
f0f17b39ea7916c447129d6c61b604ce9bfd577d81259a6390b6bfc576b8914e95ae9349ed9007abc603cf5ba5156c15732edc21697c1038ad1a82f5f55d1297,female_feminine,Canadian English,twenties,12,12
f1202191d99e47f84db279ca55f8fb9280b939534714127ffd735bac0d7b2e52bda5ee40240d8208eb271ea72cfcd55b2e043dedbad6373fabb0aeda97efbecf,male_masculine,United States English,fifties,18,12
f12a988e9d251485294edec8740dfec779b45127c1bb06f7d947493c4ed8d3c166e337e17cf090f89069ceb116f1625da7cbe1b91e78b7c41bbf743302a8f6d6,male_masculine,"India and South Asia (India, Pakistan, Sri Lanka)",twenties,12,12
f138d75a743543591fb23c61bbb2cfc4a204866aa791fdddc2a868be75a3f5851013ee0e9036241396a08fce890ff0911b3218224b0b11dc917eb7b4fa2e8cec,female_feminine,United States English,twenties,77,12
f148bbf4cd30561010300193263d00b4b009118933da4c5cc7c8cb166f24e9a1cd232f8073c7574055f8dbb373fb0d69b28b5f5e9659d011feff4345e160044f,male_masculine,United States English,seventies,29,12
f159a1eed1ec2c94db6c4db68f0b947a97ca458379de7b993e942c8eda8ff3640494fd5e772e45466159c3654180d7ca976846ffcc8782a976f08d8cb21a7585,,,,14,12
f1e639097ee4059ff2717fdf9a0a2d38031fa0b55d5ff4a9249f2f15cebfb7cbe25e7c8e4e8190b70170ac7b25a4b85a351a153905a77a430dde9241f97ac07f,male_masculine,United States English,twenties,18,12
f1eb76a5e7dd1c7ffeb45215e3da870ce38ba0e337f76fdb6539d48ed4c31b2e00766c845ea2aeacb99e5281cc9fe27485ae2c87f1ebed00b74d9b86e25101b6,male_masculine,United States English,teens,25,12
f22799b9561d8188b3941d8305b9b6a9db949a5858100277d358da015e9d8cc6296ee9ca419681580bd12ae8c73163a921430a14f2c1e399c662b12ab95bd7bd,male_masculine,United States English,teens,65,12
f2555a91e03af6b0dafe12dda65444ded7b90d690b43199304348505c71ef53bac871b411c8265a447607a9a11660cf74b1fb3b32a250ba375249317f57ea128,,,,12,12
f25f2f428a86bcb6303a83a07b1dbbfaca85921320510e9c26017d12e8143e24439a312364aa5e326924c084d4b62194820145a9a79abf4f6562b64ba6bfe59b,,,,38,12
f272c03702ab1344284a841c05522188efcf9ceba944f46986515ec3811e266b1b497605db47e717265782d8775d3347dbb77c4825cb55f618e3ab3e25792a91,,United States English,,13,12
f2909ec9143e4ff4792b0ccb2e109da938c1c5bfc91641165b0fd32f6caf67ad234318233affcaa4117a36212440eae89dbf06c75e2cb9d4a19ddec3663044ac,female_feminine,,teens,23,12
f29c2fa8319b3bd7a89618a4f138c1ac63c21ab855c23ef709e646843543785f314db72edb1335c8f51707784213841306f22b8c4ceabab128bd605f99cd0587,,,,31,12
f2d8ede891ce86eb60c14bbbe9bc6749cb1f65582073f4089e1a0d1fc3baa36cc2f5e9d715e4553ee4f4394c5dc767a669a8bee94009b445efa60a4f63208338,,,,14,12
f2f850df5f721a1f86e402f1bd098ad0c210e25dbdce0045d2daaccf625df24b111da9e3480d1c5f66980c5bbb4e03cabf28b38c05eeac6c75cbd8ea060da029,male_masculine,Filipino,twenties,17,12
f355a098d2c4f929b5d1ca673a66bc26e8cbe3cc1f0b63835e09b19b2a443d7006f56d13da19a75667716413c2e624eb2d0e9b431abf9a8155ad98e02fd905dd,male_masculine,United States English,teens,13,12
f35f1a70ddfb337fdcdb6ef1423cf09e449b60a63bb93b8bd7fd91da9b111494ba6cdcbaa3cb8def6b07648779492f650ecb83cf2c9f33c40170c709ee467308,male_masculine,,thirties,16,12
f37d55c9f75456a2aeff8b05b9c1ca9e7234300358d61adc21e0af9461168840db535d9d4285d640f4d228725c2a973eaebf412de144958254d5dd75a920a879,,,,13,12
f3b9c255f9d2fff77f789f437a1a7f8256ef6e8a929c01621ea061f74a1bb9492e094912316bfcaae5c5a2b308361f1f86c7656f53d1635bf220665481079f04,,England English,teens,21,12
f3d92691cd471e1c8127d5b07eed54674bd97af10bb384803cf7c9548e79f6e9c7b79a01d9fce0fe59fcec1507dba62898ee53d053f3f7a43762bd974436c522,male_masculine,"Southern African (South Africa, Zimbabwe, Namibia)",thirties,16,12
f4515060e7f480a24c0778e8f3d5d1d286ed616552851a6c3c9c6aee7303d249fbffd910c70869b7620fc33b38c8b618b934eeea78ef4cde3c1be1566b44501e,male_masculine,United States English,twenties,181,12
f474bd63e75703ad9101af85035bd3528462f3b0198b79c0dc9af3d740c33d529c9c73af64ced164e22fb697787d9a17a5ddda9d7676e4c2e14efae0cc91caf0,female_feminine,Canadian English,thirties,17,12
f4d302495303af2c280ce6ca4fa470e6061175c5c80d848dcbdc52dc84262a47672d7e0014ff2e970792c2e3c948e969305400b62d1698587928cf721947ed37,female_feminine,,teens,21,12
f50ef440f56fb1b91036bd9124891a46ca91e4946aa16ceef31580720cdc0016ce1a50586ee2d557594929f056f1eff5f160ba568e22262ae722ff09c7c099bf,male_masculine,Canadian English,thirties,15,12
f522b0de4fdbf01523f0007fdbbf285fd4e3db24badd1ea965cdd042b2555d1e69ae9130c6f260fcb4b84ab3ef9478c3951d1346060fc47c5b899d82dffd1064,male_masculine,,twenties,15,12
f53715ec7f24f867a04c54f8edb7f2ae22a0310dedcc37342e5467cf1bd913b33720f6c85b1150dd9b5be5c8b44980be76c57e2852f820e4a78b265fa254b397,,,,14,12
f5535d8894fde26e853f611107d08112c9da78bdd2ac2d40c52e9cc8052ba06d695952912945855e0c345aa01c51b23ca16d7b8f3e72424c4545f72790fc9546,male_masculine,United States English,fourties,80,12
f55a837f1dcff9be74f291521ca3af019920f9357bf0219e7d7c64ba1861024bc6da68f471fe5f82d227f06cdd67fb6af1b455203d4ab66f72ca85b19ce29eef,female_feminine,United States English,thirties,128,12
f568262f3bc3cc5fe384da69ae9a893f9b2eb43dad094a495a520ac6f7cf54a1b337677021f7301c0eae9bb663429cf4499dde465e1d3db0166c500ff8dded41,male_masculine,,twenties,14,12
f5a76af72b8696c951712d2a336e7f9143cec1186fb2a1ef2b5a7c329db88d9767a2a7b472bc3fb8d3c97505ac0479833818b5d106b027661dacb50170d3c7c3,male_masculine,Irish English,thirties,15,12
f5a8a2e6cbefa2d48793fcf4dfd6ba7f23643a7a21328ab7a3ccec884375a627788e2b2090aa38d2ce5ee3ad14e0477e8ce1341d0d3477e88f82d596443c0ac2,male_masculine,England English,twenties,14,12
f5bc62f7b08771d3a44710066800f93039db372533fc1431aa22302fd749ff389fd8947c8d94f330f7e6c090b4d42f3ef846f1dc0c878461004879aa047dd42b,,,,17,12
f5dea994b99c0568c9dc2e2d5b34c70ba0d88c7a1578c067b2e4273d449d56f6674a388f759ac73dd3009007e1e491d614504b4bb149baa942c248cb118c2b2a,male_masculine,England English,fifties,37,12
f5f821befa7102265d6ce82b21ec680bd38c0f84349088521c2f43357a169a7563d9e3d6ad5bd2f228fa4f90d6e045242155128107b3f8c28d4d1726f8134887,male_masculine,,thirties,19,12
f607e038a21fa0875b18419f9af9c567eb6703b8cc9a70e213f1cf5b9deb1afd32fd92192c9b08dc1a9581cf213c0f99733cdf45600ec17c4673b6f9d0e1e533,male_masculine,,twenties,13,12
f63788aefc20610b6d9b39191edcbbc8b45c187a3ff052a6868df76afb080900855a8329dec59665d3b6851630719bcb2ca5fce60ece06741abeb2fe4f184269,male_masculine,United States English,twenties,21,12
f638487a58c6b0725bbba21af06fdd9cb751ed02e61b84c320ae21ae6dd41b8c7fac2f3cc2cd555f29e309f478e75238df691ecde3f79190a5a2f446cc8f334e,male_masculine,England English,twenties,16,12
f6462410c1b2266a4dc2c897e70e63807355de7da8d25648554fae02937d9c487343cb0eb8e009868920d489d8b8ff243a24b06243c67532a4e1e6c4bf3a7495,male_masculine,"India and South Asia (India, Pakistan, Sri Lanka)",twenties,17,12
f64efdead095df4ee7cab0779941688f071b8481617ac84d3b0219ece8d1e53ebaf30a49bec49a8248a27e3d49badb9947bfd8e80b23975d4fb68ccc02018d09,male_masculine,England English,twenties,30,12
f6fbe981d1f5d3994dd03ab50a5819c5417b2fd0b9a75378f6299800220b5e7fcc246597179982820f756c6c64f3afe5ca17b521e5ae68786cb2127111eab5fe,female_feminine,,teens,63,12
f748c3446cc12be48e26ebea896c3422ed8c447593cb4ebea1b829cb299d1bd5fb6d9d0b08be0d399a19a66dc5241d83603859cc01caa939d3dff5059e02abce,female_feminine,Canadian English,twenties,33,12
f7519ad8f40b386eb2700b2981646544669ac6e99b97e15a569a4fe3308e5a20c9783fe00f38a605cfe7d6bb2cfaf3a35bd3602740d059d88aa7894bcfb974c5,male_masculine,United States English,twenties,19,12
f7802ab4eac2b1cdc9caae8c090ac707556e5c90f1f8f43c80dbd4d795dbbebda8000ff86f6a2c677af17c5b5a2bb74e24e5d206013153968f7a43b499145669,,,,12,12
f783abfbdfbce35f68fdd36530707118538662f02a1fbcd4724593630d75cb3e183da519ae3784d04c6b9ae2a33b551e0fd6a6b2fc09aeda5e353cdc802bfe4d,male_masculine,United States English,twenties,17,12
f78e97ac370944ea505c0ddcb438896c56c8c386145abbbecc3fecca77dc71ebfaec71a5c2234ef3b0755f0b1a528106abc5e4f06687fcdcc520d29470c734e4,male_masculine,United States English,seventies,14,12
f7a22a4859a359f4e15d0b51ef4d89b1c4217fda010e3f5909b9181e7ad190cc80915d654419b8ce7ade0a70f36e56d9bc602d6a1084fbba4ad89631ec4194ff,male_masculine,,fourties,17,12
f7ad1ef07b42ac1377af4ca16d1a578e9cab710d619207d1fa0f212297e2661d78a41da2edfe0cd91b20922540f1d95215e2b8cd9519fc35ec17fd30d2a084ad,male_masculine,,twenties,20,12
f7d8f4abf2d3cb896c6b0ba2a6aa4349097000d1306b8220f56bad6f1018c0b1f7fbb3986dd433ce33d76f33cda7dcc213b306ddedab44d2b247ffb4863e9248,male_masculine,"India and South Asia (India, Pakistan, Sri Lanka)",twenties,103,12
f86623298d3dbab0187cbb055721fd4596c8665c4e19fd49626680bad857630e33db565c426d2d648df7136e1e3374004d18f072ce5da469596f6a1ebe8f5e62,male_masculine,United States English,twenties,128,12
f8cf8954a9c34df6ea10a0057dec69e17585ff6ec759044338a3952bae4f112c453e38bd99624f8de00b644ebd903a01ac1fc9d9d6832d892532343c3abe856f,male_masculine,United States English,twenties,58,12
f8df32165ae35b8fa424b6847071e038ff35b7982ec54540d43f92c2728a29d6398f895e9769645c763899932af6c9edb6947d756297f6fb6f4b3c26d07494b0,male_masculine,"United States English,Transatlantic English",thirties,89,12
f8f76b94170a19421464ac1a3b62a926edae4cb12a0a39c93e1d901682e617a1bfd98290e239f07c670bca0d654f2582e1deae7517dc98b9b8e7a7b326874d25,female_feminine,"India and South Asia (India, Pakistan, Sri Lanka)",twenties,38,12
f944ef9a9041b7fa75297b055e821ef740a7ab28fde0a7e118fd7f131be029fee1aa1536c5d5b3b653ca7c79da343467a85a88bfbc2f78fde49e7da752157430,,,,20,12
f95c9f478228e092e2955d5f9ac7f3ed04e8e3d6dae1cde6bb7ff2906bd5196e116ed863adfbbe02dd7c2012665a5d5d3f85d447a1c9cc58d293eeded5ee1763,male_masculine,England English,thirties,130,12
f9676e69f82d014e2881ac543defb5bdd17226e56929dc7c6240c51923f15e6cd0224448463e61b80dc1dc54da8bdb99af350e3f4918de656d114ced22dafa26,male_masculine,United States English,fourties,15,12
f9722b97a42bf4eb53f1863bf82f073d890b8b0ff4a371044b660423acab603a15250dd0b0052465ee4e998cacce885803fe47565dcf883a9ba4d756bf5ef7d7,male_masculine,United States English,thirties,12,12
f9d17d5fecc6c216daa7fb98de62bf53b2ff961e9d3386e24ddb6f44eca0938b2c14c74de815a96b6135073382c31d291e93d10f145c2e763f8f4fbee6c5d54c,female_feminine,,twenties,15,12
fa039a0c551436d317686a682469dcf4493885840ae1ffde653328740fcf6b756f79acad0a795847eb222592deb780c4c68c51fea4b7b8891a3b58e929fff243,male_masculine,New Zealand English,fourties,25,12
fa4fff8736b1b6aa7aec11e6092d44bbbee25eb827c102bd46904eab94d1efbbba12afa1e5c6acc52af8c5e329ee1f135ee38411a764704428ed27cbad07fa42,,,,12,12
fa552041006acdb1700d1a4faca1565aa4190cc21242eb67cf459af1a7dc235ff7b65c6fd024e21419e84b3fc9246005b9614c0d41ff2745e6c05d4d79b53066,male_masculine,"Liverpool English,Lancashire English,England English",fourties,198,12
fa56dc897cbae9c0bd73a194cd1f1041f9fba3a3d57504cfc7450fece0bcfb1266d25b52843e5ef65b59f775793343691d919b1e6b2d795f3cb74bf50925d5cd,male_masculine,England English,thirties,15,12
faa00ac4fc9d5b91f82c288e097fccec54c3ffe517a1e914d44b61e84a98fca7778f13a6f570422b79135fd52d4708807910af377fe1bfcafa1539a92f8ee5c1,male_masculine,,twenties,13,12
fad13763be23a31c45a15791d53290b225b9ab247430fc1240799603866c2fe3a1286766d135359d0598d47e19c0d64156fecb311a15fbee8cbd7c12932491b9,male_masculine,Canadian English,thirties,31,12
fadb156016b1a212c9c185d0184c8bb761c598417522a9fdbdbbb7dea8b3c4fde39b11e578a824215efd0772d6e8e47920aedff2e87721d64df92a8e4327e42d,,,,14,12
fb069914606d777c0dfd8ce9d7132c8f43230f254f55af1a2ee330e7c6aecea2db0c9a592f0384e42207bd5dacddc72a924a7cefe977db8727fe14e987c956db,male_masculine,"New Zealand English,England English",twenties,26,12
fb79f6328db7f891e8b95b4034d07fea5c8cae1f435632060b883dd9502b7a04413717845c689194b598566c23ff47e9af119c0404404b0de9064415d20b372a,male_masculine,England English,thirties,13,12
fb919534447910b303adb39567779ddf6d8fb1404aca83de7c475f8ff4ff463f85677575022253c3a6700769e3d79bf17516b72ec038e5a1b9d5f803dc6e166a,,,,17,12
fbb436f58f440edb21053addf04bd4e564e110b64ebbb0eaeb8daf2d23f3590fd36f02d629c72d59876992c62b4a266aebc1ed5c3e05df7e37439d43916d1f2b,male_masculine,England English,thirties,39,12
fc1a65bc38b6573393f0caeb9f52ee20621d4626b2215579878924856e1f6877689fa1b08d2b990b9c62f0c06875675934deb5af7596d0ebd7b20537fc4b7cfd,male_masculine,United States English,thirties,32,12
fce08c366ebddbe5883c35b6ebee2779fe3568376f0631e59d2d80fd6b150f603373e3be1d776f91345470d2acddc884d9f4fee0e68474aaa6ea023ef1b6a1e5,male_masculine,United States English,twenties,42,12
fce6c1765bc5e8a1b520ce0fb037b680a46bb6515a34cfca60856229a4c85b99f76578773e6a1318ba817db77c0d7fca0d84100fc0b7567a708678c867b78544,,,,12,12
fcf6378ac85cf9cd37fbbbf10baeeb004444d39772e84a57de69bb249bd10513422b5f3eb106c9a416c8d8b92e11bf71988531e9e5d28b44c1c740939901d147,female_feminine,United States English,teens,14,12
fcffb37fddeaa6cbdda86f7d25e57e69c00d260fc22caae90b91c1b7b818a12e26e77c8ebe42dd53b76031a9662564f17ca23ef8ae743fc3aefc9da6bf182acd,male_masculine,Singaporean English,teens,93,12
fd42d123d6d0c27bfea689069529a2cdf6cd372c1479a0181d7d3c9f9034d420a86614c150e7f5c1e69299c3a29cd1d2d3c138cd10d7a72f777e6537dd6a4ec1,female_feminine,United States English,teens,18,12
fd48e7acec23ba4e8630b5065164f337a76a615c7a2bc40c7d860e1e429f32834c6e9928aee0e47c844295e71d003be056e099d178268103c277a965ddfe4778,male_masculine,,twenties,12,12
fd52910d24299328945044ddd49dd2d79ef95c7b0d6e38d06d65a1d9330f64f45a8426cf556ed10a705307dcf622e1fe152ee48d5bd2e38b89b4da815b5c38a6,female_feminine,"India and South Asia (India, Pakistan, Sri Lanka)",twenties,304,12
fd70d6074396a5a8492402683f42dcd4600ea0d6fa6f4c89fa81abbd5e08c04cb2ef695dbd5ef3a3ac0b1f6464a08847aa22cd73e7daf88f28ad186d47f0c236,,,,15,12
fd8233b9e60ba635cefb3d3130ae076b83e54d8e90e56e8ecb3319ade12af143709276ca2e455358d19c6c896abf9ffc87633d585548f1ee9fc52c6067fd1254,female_feminine,England English,thirties,73,12
fd87da017455f8044a6287781f06dada804dabd57e0da123097dcd0ada08ee9d44a10a69239cfdedaeb0e08c23d6b35a868af30ed57db5619e8ad9457f348cd0,male_masculine,United States English,sixties,41,12
fd88634bccf55c17ba9dac6909b2c5c3a7136f701ce2f8e4a735ef6c2234245201b9071a22409b6483b23357bdfcef245fd5d73da921e7cf8bac42cab78abba4,male_masculine,,thirties,14,12
fd9e55b8e5cb3ca79b7e457eab991f5f8811d9f44290c0dfdc55cb1d23848c0f940e85aa1a5d1ab86710810711a5f5dd15f7ac9a7b37494f01b5636a0119cb64,female_feminine,,teens,14,12
fda95d3e110763c4f01adc7c5e0518a77195c234cd849a138ba36877350bee1fc46a00796623fd18c155d3848d2caeb31d6162d1fa9cd415dd5fc3e8406d5486,,,,24,12
fdeb75d82506836f260aadc8b81c1bc5bfa412f89f34221bb8d39505d2edcdaa8a01651c1ab91f5b956fc3f7932f8975ace38a42464ac132259f38c98d135172,male_masculine,United States English,twenties,12,12
fdf639ebb01299345dcc612cac9f4fcdadf5004c349a8ddeaf69ec6ee7878dd05a8656597cf87590c63c5ffb23673dcd0e9a37aee41e70469288a37d4ce5d1b6,,Canadian English,twenties,14,12
fe0b72255742911194e18292be4db2bf79c191b49a6b2f747b2f3795e8b7be942cc3435974beadeb9a6f758248a2ba253c471d3c82da79855568bcd59f7a1a31,,,,16,12
fe12ec033cc38c767644d14f4346aa5ca09c4871fc6d364f62ab184488e6af63c6161cbd8b43c9d0721be9d9b67235f885cba3329848bff30b8708dd8aed6874,female_feminine,United States English,twenties,21,12
fe1c5e56681fe471af031934aa33606e4e5136f4584c2579b2bbf02b14ee9c3a4ce49b729c9374f7e4d9f06c437e954512180689cce84e108d3076c931eea3a9,,,twenties,24,12
fe4168562cc5f0320bc378cb946838be67dbe6808773eac1ff40a8bedb43e3abcb9edd3ef01dcd7dcc656087aa346c6d0304558c2023a779c065a9e6f47e664c,female_feminine,England English,fourties,17,12
fe6dc77f812a5a0bebaadd7f08fae5d7ba7e35950222463b9ee21fc1718e649d6c98b89b1c4853b9aca8dc63a29860521da85c0ee481541029af995f17a5d0ef,female_feminine,,twenties,13,12
fe778162f7b16b5dfc1177485eff2cde1ce2ce7f165c1eef9607fdc5457eeca369b8586bc02ad8224c38d3b132e52b0ba239ed0931d69bafa6b5cac9a7938276,male_masculine,Canadian English,thirties,22,12
fe779adb7ffa9ce2bd09d46ff699784101b450d151ca6c8cc19586b921e2af8266e1b33a537bae3bdc690f4a7ba8b4329883348bda9f9f9ad4becaea16e080b2,male_masculine,Filipino,twenties,12,12
fe86e631a98e307c68b4d1f6b7ced7aacf5a353248cf1b34840eb97a2d1ea8b0f7c6db5a1d4468bd82acf6cf56f9fb720dab0c1c68e6b0f458defbdb2be856b6,,United States English,twenties,13,12
feb89c0e74bc87a6cc167702339c9460470d5a76cfd0e1a1e8e14b1868670162559c23a8552e42eb5c59deea79833ce2c0363900cf6151ad29de5088a89d0a88,female_feminine,United States English,fifties,16,12
febfa9170cb04861bd7edb121a0f2de4c961eaca6afb928a2f541db731ae8242552936c1c3f5a4d2e7f4cc3150d58ff5e6f1b0c99513e25a72ca814f0b36df05,female_feminine,Irish English,fifties,111,12
fed9256c65cd48a2d4da7e34aa45be31129328ddcd07ede75ae4ccb0f890d77550d441e0fff05791be816ca2b3350a68229e42728b2273d517addf9eb0529cb4,male_masculine,United States English,sixties,12,12
feda7e1cc7f6876213ec0b603d0d7acd1b1bcb64310d81d9cef6df0c849d1b8741b0b234dcd2c284d18ba278529509b68b23a19ea8c069e451ab657e3d1c53bd,male_masculine,England English,twenties,15,12
fee29389d0adadea5b7b40e51fc503b2eea268c46d615655581035be8d1a24a2907acc13bf0915cae5e1108f44f79ecc6630685d344e8a30a02c670b192cea6a,female_feminine,United States English,twenties,15,12
feeb5afc17b480b36cc2b5462183c9d4e033d7064d28304f6e9c84b2ab2f82e8f95b344a3207d4f6fec50e69752c9ed07f6d0fc945f15bdf4fdf0d6edef4020c,,,,18,12
ff152b650c667b41c3f64f73e5e2cd4296f7aa2db1eb2d7eb66a96767985fd9f5b293abdfb65ccf4e9d80ad967fbc0a2b96afdab057ad6f269eb5a10f508feec,female_feminine,,teens,31,12
ff3eb3e3259f967865c33553c8edaf0d575efd8158f4c99c34f7473385da7abad65ed8bb442460a20eed8ca3152175016ce8728b8b3ada8c1c92da6c3ee551a2,male_masculine,United States English,twenties,20,12
ff643de14da0972a26ecd6c23aa61fc103ae8c62d771d1c7ca8fd42a092375f2e066c940157baff77f48aa534a842dce4b1853dda9fcbef2a0299664514b34f1,male_masculine,"India and South Asia (India, Pakistan, Sri Lanka)",thirties,12,12
ff6c256ddb6671198ea6bd7256a1e43c22a270209b2bd1ba8297c5cb9fc6db37307aaaa3c1dc4a4bd7d4a42da2b312813017fd0fb47844fe24b63b0d4129f441,male_masculine,,thirties,38,12
ff96183ed9652849e89ecc63ab1f727340d15a67441c6c6f893903cfbf62d76ada9622b1c0cade574c5684e080f6d90973a196ceb1117a25c690d2d3b4d9ffd8,female_feminine,"Mid-Atlantic United States English,Philadelphia, Pennsylvania, United States English,United States English,Philadelphia Style United States English",fifties,17,12
ffbf6a4e644cd1086ec8a6825f3f882d74ef52a13ae9edb76cd216db2a000bea93748d8679ec0295b54b97702bb9f73eadaf4636fd512065f80b4447baf3e569,male_masculine,,twenties,27,12
ffee742c88330800db3bb0bc1464973a94827cf8e2da7115a7cb8a6c2318f1ab7b3d8a5d48bc8e8749ecb4a3b3d0b76dc0f2d6066666c5861b344cdf1da71e69,female_feminine,United States English,teens,15,12
fff7316c85bbc42cb58212b817f6ff8f5904f22f8eb56e53d2de139bf517ee5b84726e8d579fb81fa88cb973a4048ca819dcce8be835a26d8f8d8a78ac692ef9,,United States English,twenties,12,12
fffc240b81001ceb15be7eaf84e918a9e8105b8699fadae5a63c27d0b77f8ae275cedd4c8b257ccbaeef2a569dd15750c10ecdfe40130c09e7c45131d107ce91,,,,18,12
